"","wc2.1_30s_bio_1","wc2.1_30s_bio_10","wc2.1_30s_bio_11","wc2.1_30s_bio_12","wc2.1_30s_bio_13","wc2.1_30s_bio_14","wc2.1_30s_bio_15","wc2.1_30s_bio_16","wc2.1_30s_bio_17","wc2.1_30s_bio_18","wc2.1_30s_bio_19","wc2.1_30s_bio_2","wc2.1_30s_bio_3","wc2.1_30s_bio_4","wc2.1_30s_bio_5","wc2.1_30s_bio_6","wc2.1_30s_bio_7","wc2.1_30s_bio_8","wc2.1_30s_bio_9"
"1",26.5083332061768,27.2999992370605,25.3833332061768,2075,286,74,38.8520050048828,753,259,603,358,5.48333263397217,70.2991485595703,83.4438629150391,30.3999996185303,22.6000003814697,7.79999923706055,26.4500007629395,25.75
