"","wc2.1_30s_bio_1","wc2.1_30s_bio_10","wc2.1_30s_bio_11","wc2.1_30s_bio_12","wc2.1_30s_bio_13","wc2.1_30s_bio_14","wc2.1_30s_bio_15","wc2.1_30s_bio_16","wc2.1_30s_bio_17","wc2.1_30s_bio_18","wc2.1_30s_bio_19","wc2.1_30s_bio_2","wc2.1_30s_bio_3","wc2.1_30s_bio_4","wc2.1_30s_bio_5","wc2.1_30s_bio_6","wc2.1_30s_bio_7","wc2.1_30s_bio_8","wc2.1_30s_bio_9"
"1",18.4249992370605,20.1333332061768,16.4166660308838,1836,275,53,50.5971031188965,667,186,586,186,8.26666641235352,63.5897407531738,152.710357666016,24.6000003814697,11.6000003814697,13,19.8666667938232,16.4166660308838
"2",19.220832824707,20.9500007629395,17.1666660308838,1779,264,55,49.2443656921387,638,190,565,190,8.22500038146973,63.269229888916,155.248458862305,25.3999996185303,12.3999996185303,13,20.6999988555908,17.1666660308838
"3",17.1083335876465,18.783332824707,15.1499996185303,1967,293,58,49.4115142822266,714,207,617,207,8.21666622161865,63.6950874328613,149.876220703125,23.2000007629395,10.3000001907349,12.9000005722046,18.5500011444092,15.1499996185303
"4",21.0583343505859,22.8999996185303,18.9166660308838,1605,237,52,49.4122428894043,584,171,515,171,8.23333358764648,62.3737373352051,162.534378051758,27.3999996185303,14.1999998092651,13.1999998092651,22.283332824707,18.9166660308838
