"","wc2.1_30s_bio_1","wc2.1_30s_bio_10","wc2.1_30s_bio_11","wc2.1_30s_bio_12","wc2.1_30s_bio_13","wc2.1_30s_bio_14","wc2.1_30s_bio_15","wc2.1_30s_bio_16","wc2.1_30s_bio_17","wc2.1_30s_bio_18","wc2.1_30s_bio_19","wc2.1_30s_bio_2","wc2.1_30s_bio_3","wc2.1_30s_bio_4","wc2.1_30s_bio_5","wc2.1_30s_bio_6","wc2.1_30s_bio_7","wc2.1_30s_bio_8","wc2.1_30s_bio_9"
"1",23.7666664123535,24.033332824707,23.4166660308838,1574,215,51,36.5788421630859,511,229,230,511,10.8833332061768,88.4823913574219,25.7022476196289,30.2999992370605,18,12.2999992370605,23.4166660308838,23.9500007629395
"2",23.7666664123535,24.033332824707,23.4166660308838,1574,215,51,36.5788421630859,511,229,230,511,10.8833332061768,88.4823913574219,25.7022476196289,30.2999992370605,18,12.2999992370605,23.4166660308838,23.9500007629395
