"","wc2.1_30s_bio_1","wc2.1_30s_bio_10","wc2.1_30s_bio_11","wc2.1_30s_bio_12","wc2.1_30s_bio_13","wc2.1_30s_bio_14","wc2.1_30s_bio_15","wc2.1_30s_bio_16","wc2.1_30s_bio_17","wc2.1_30s_bio_18","wc2.1_30s_bio_19","wc2.1_30s_bio_2","wc2.1_30s_bio_3","wc2.1_30s_bio_4","wc2.1_30s_bio_5","wc2.1_30s_bio_6","wc2.1_30s_bio_7","wc2.1_30s_bio_8","wc2.1_30s_bio_9"
"1",12.9749994277954,14.3999996185303,11.2666664123535,1693,320,26,65.5287780761719,725,94,563,94,9.73333358764648,70.5314025878906,127.270294189453,19.2999992370605,5.5,13.7999992370605,14.25,11.2666664123535
"2",13.8708333969116,15.3166666030884,12.1166667938232,1649,310,29,64.1656188964844,702,101,544,101,10.0083332061768,70.4812240600586,129.903076171875,20.2999992370605,6.09999990463257,14.1999988555908,15.1499996185303,12.1166667938232
"3",15.2375001907349,16.6666660308838,13.5166664123535,1599,293,32,61.6039695739746,672,109,523,109,10.3416662216187,71.3218460083008,127.940414428711,21.7999992370605,7.30000019073486,14.4999990463257,16.5,13.5166664123535
