"","wc2.1_30s_bio_1","wc2.1_30s_bio_10","wc2.1_30s_bio_11","wc2.1_30s_bio_12","wc2.1_30s_bio_13","wc2.1_30s_bio_14","wc2.1_30s_bio_15","wc2.1_30s_bio_16","wc2.1_30s_bio_17","wc2.1_30s_bio_18","wc2.1_30s_bio_19","wc2.1_30s_bio_2","wc2.1_30s_bio_3","wc2.1_30s_bio_4","wc2.1_30s_bio_5","wc2.1_30s_bio_6","wc2.1_30s_bio_7","wc2.1_30s_bio_8","wc2.1_30s_bio_9"
"1",18.7958335876465,20.0166664123535,17.2333335876465,1246,191,26,60.0999794006348,528,88,442,88,10.4916667938232,74.9404830932617,113.42716217041,25.2999992370605,11.3000001907349,13.9999990463257,19.9166660308838,17.2333335876465
"2",18.8624992370605,20.1000003814697,17.2999992370605,1236,188,27,59.6280708312988,522,90,438,90,10.5249996185303,74.1197204589844,114.13956451416,25.3999996185303,11.1999998092651,14.1999998092651,20.0166664123535,17.2999992370605
"3",20.3041667938232,21.5499992370605,18.716667175293,1158,171,29,58.1482620239258,486,91,408,91,10.7416667938232,74.5949096679688,114.959632873535,27,12.6000003814697,14.3999996185303,21.4500007629395,18.716667175293
