"","wc2.1_30s_bio_1","wc2.1_30s_bio_10","wc2.1_30s_bio_11","wc2.1_30s_bio_12","wc2.1_30s_bio_13","wc2.1_30s_bio_14","wc2.1_30s_bio_15","wc2.1_30s_bio_16","wc2.1_30s_bio_17","wc2.1_30s_bio_18","wc2.1_30s_bio_19","wc2.1_30s_bio_2","wc2.1_30s_bio_3","wc2.1_30s_bio_4","wc2.1_30s_bio_5","wc2.1_30s_bio_6","wc2.1_30s_bio_7","wc2.1_30s_bio_8","wc2.1_30s_bio_9"
"1",25.0750007629395,27.1000003814697,22.9333343505859,1303,275,1,109.059898376465,806,6,373,23,14.2333335876465,66.8231582641602,166.658340454102,35.4000015258789,14.1000003814697,21.3000011444092,25.6000003814697,22.966667175293
