"","wc2.1_30s_bio_1","wc2.1_30s_bio_10","wc2.1_30s_bio_11","wc2.1_30s_bio_12","wc2.1_30s_bio_13","wc2.1_30s_bio_14","wc2.1_30s_bio_15","wc2.1_30s_bio_16","wc2.1_30s_bio_17","wc2.1_30s_bio_18","wc2.1_30s_bio_19","wc2.1_30s_bio_2","wc2.1_30s_bio_3","wc2.1_30s_bio_4","wc2.1_30s_bio_5","wc2.1_30s_bio_6","wc2.1_30s_bio_7","wc2.1_30s_bio_8","wc2.1_30s_bio_9"
"1",23.2583332061768,25.5666656494141,20.3999996185303,1588,220,57,51.6162643432617,620,190,614,190,9.58333396911621,62.2294387817383,214.484924316406,30.3999996185303,15,15.3999996185303,25.533332824707,20.3999996185303
"2",24.154167175293,26.5,21.283332824707,1526,211,53,51.5393142700195,588,183,588,183,9.64166641235352,62.608226776123,215.274230957031,31.2999992370605,15.8999996185303,15.3999996185303,26.5,21.283332824707
