"","wc2.1_30s_bio_1","wc2.1_30s_bio_10","wc2.1_30s_bio_11","wc2.1_30s_bio_12","wc2.1_30s_bio_13","wc2.1_30s_bio_14","wc2.1_30s_bio_15","wc2.1_30s_bio_16","wc2.1_30s_bio_17","wc2.1_30s_bio_18","wc2.1_30s_bio_19","wc2.1_30s_bio_2","wc2.1_30s_bio_3","wc2.1_30s_bio_4","wc2.1_30s_bio_5","wc2.1_30s_bio_6","wc2.1_30s_bio_7","wc2.1_30s_bio_8","wc2.1_30s_bio_9"
"1",27.5499992370605,28.75,26.3500003814697,825,204,1,116.224937438965,498,4,264,4,11.6666660308838,74.3099746704102,95.5129928588867,35.4000015258789,19.7000007629395,15.7000007629395,28.0166664123535,26.3500003814697
"2",27.7000007629395,29.2666664123535,26.0666656494141,1361,352,2,111.832366943359,827,11,407,11,13.5,71.4285736083984,128.009246826172,36.7999992370605,17.8999996185303,18.8999996185303,28.0666656494141,26.0666656494141
"3",26.5166664123535,27.283332824707,25.8000011444092,857,202,1,109.355895996094,497,7,285,7,11.8000001907349,80.8219223022461,61.6564292907715,33.7000007629395,19.1000003814697,14.6000003814697,26.75,25.8000011444092
"4",21.6124992370605,23.283332824707,19.9166660308838,1115,227,5,100.844253540039,649,21,347,21,13.2583332061768,71.281364440918,136.200454711914,30.7999992370605,12.1999998092651,18.5999984741211,22.2999992370605,19.9166660308838
