"","wc2.1_30s_bio_1","wc2.1_30s_bio_10","wc2.1_30s_bio_11","wc2.1_30s_bio_12","wc2.1_30s_bio_13","wc2.1_30s_bio_14","wc2.1_30s_bio_15","wc2.1_30s_bio_16","wc2.1_30s_bio_17","wc2.1_30s_bio_18","wc2.1_30s_bio_19","wc2.1_30s_bio_2","wc2.1_30s_bio_3","wc2.1_30s_bio_4","wc2.1_30s_bio_5","wc2.1_30s_bio_6","wc2.1_30s_bio_7","wc2.1_30s_bio_8","wc2.1_30s_bio_9"
"1",26.2875003814697,27.8500003814697,24.3999996185303,719,115,20,52.2711143493652,278,107,123,142,10.7416667938232,70.2069702148438,142.591674804688,33.7000007629395,18.3999996185303,15.3000011444092,26.7999992370605,25.216667175293
"2",26.2875003814697,27.8500003814697,24.3999996185303,719,115,20,52.2711143493652,278,107,123,142,10.7416667938232,70.2069702148438,142.591674804688,33.7000007629395,18.3999996185303,15.3000011444092,26.7999992370605,25.216667175293
