"","wc2.1_30s_bio_1","wc2.1_30s_bio_10","wc2.1_30s_bio_11","wc2.1_30s_bio_12","wc2.1_30s_bio_13","wc2.1_30s_bio_14","wc2.1_30s_bio_15","wc2.1_30s_bio_16","wc2.1_30s_bio_17","wc2.1_30s_bio_18","wc2.1_30s_bio_19","wc2.1_30s_bio_2","wc2.1_30s_bio_3","wc2.1_30s_bio_4","wc2.1_30s_bio_5","wc2.1_30s_bio_6","wc2.1_30s_bio_7","wc2.1_30s_bio_8","wc2.1_30s_bio_9"
"1",15.6833333969116,15.8666667938232,15.3999996185303,1721,227,66,35.8837928771973,564,258,564,544,8.90000057220459,91.752571105957,19.4624691009521,20.6000003814697,10.8999996185303,9.70000076293945,15.8666667938232,15.75
"2",17.3333339691162,17.5499992370605,17.0500011444092,1771,233,66,34.2568740844727,559,274,493,553,9.26666641235352,90.8496780395508,21.4617195129395,22.5,12.3000001907349,10.1999998092651,17.5499992370605,17.3833332061768
