"","wc2.1_30s_bio_1","wc2.1_30s_bio_10","wc2.1_30s_bio_11","wc2.1_30s_bio_12","wc2.1_30s_bio_13","wc2.1_30s_bio_14","wc2.1_30s_bio_15","wc2.1_30s_bio_16","wc2.1_30s_bio_17","wc2.1_30s_bio_18","wc2.1_30s_bio_19","wc2.1_30s_bio_2","wc2.1_30s_bio_3","wc2.1_30s_bio_4","wc2.1_30s_bio_5","wc2.1_30s_bio_6","wc2.1_30s_bio_7","wc2.1_30s_bio_8","wc2.1_30s_bio_9"
"1",19.0625,20.5166664123535,17.1333332061768,3159,511,67,67.7034378051758,1446,233,762,356,11.9250001907349,70.9821472167969,137.694061279297,27.3999996185303,10.6000003814697,16.7999992370605,20.0833339691162,18.9333324432373
"2",18.5625,20.0166664123535,16.6333332061768,2811,457,59,68.7426147460938,1292,206,703,300,12.0416669845581,71.2524642944336,137.727081298828,26.8999996185303,10,16.8999996185303,19.6166667938232,18.3999996185303
"3",18.5625,20.0166664123535,16.6333332061768,2811,457,59,68.7426147460938,1292,206,703,300,12.0416669845581,71.2524642944336,137.727081298828,26.8999996185303,10,16.8999996185303,19.6166667938232,18.3999996185303
"4",19.5208339691162,20.9333324432373,17.6166667938232,3314,540,71,67.131233215332,1516,247,787,384,11.7583332061768,70.8333358764648,134.594635009766,27.7999992370605,11.1999998092651,16.5999984741211,20.5166664123535,19.3500003814697
