"","wc2.1_30s_bio_1","wc2.1_30s_bio_10","wc2.1_30s_bio_11","wc2.1_30s_bio_12","wc2.1_30s_bio_13","wc2.1_30s_bio_14","wc2.1_30s_bio_15","wc2.1_30s_bio_16","wc2.1_30s_bio_17","wc2.1_30s_bio_18","wc2.1_30s_bio_19","wc2.1_30s_bio_2","wc2.1_30s_bio_3","wc2.1_30s_bio_4","wc2.1_30s_bio_5","wc2.1_30s_bio_6","wc2.1_30s_bio_7","wc2.1_30s_bio_8","wc2.1_30s_bio_9"
"1",27.029167175293,28.6333332061768,25.216667175293,1458,235,31,59.138744354248,613,123,530,157,6.97499942779541,64.5833358764648,140.477401733398,32.2999992370605,21.5,10.7999992370605,28.2000007629395,25.8833332061768
"2",27.029167175293,28.6333332061768,25.216667175293,1458,235,31,59.138744354248,613,123,530,157,6.97499942779541,64.5833358764648,140.477401733398,32.2999992370605,21.5,10.7999992370605,28.2000007629395,25.8833332061768
"3",26.9874992370605,28.6000003814697,25.1666660308838,1453,235,30,59.5641975402832,614,122,530,155,6.90833282470703,63.9660491943359,141.503692626953,32.2999992370605,21.5,10.7999992370605,28.1833343505859,25.8333339691162
"4",26.9874992370605,28.6000003814697,25.1666660308838,1453,235,30,59.5641975402832,614,122,530,155,6.90833282470703,63.9660491943359,141.503692626953,32.2999992370605,21.5,10.7999992370605,28.1833343505859,25.8333339691162
"5",26.9874992370605,28.6000003814697,25.1666660308838,1453,235,30,59.5641975402832,614,122,530,155,6.90833282470703,63.9660491943359,141.503692626953,32.2999992370605,21.5,10.7999992370605,28.1833343505859,25.8333339691162
