"","wc2.1_30s_bio_1","wc2.1_30s_bio_10","wc2.1_30s_bio_11","wc2.1_30s_bio_12","wc2.1_30s_bio_13","wc2.1_30s_bio_14","wc2.1_30s_bio_15","wc2.1_30s_bio_16","wc2.1_30s_bio_17","wc2.1_30s_bio_18","wc2.1_30s_bio_19","wc2.1_30s_bio_2","wc2.1_30s_bio_3","wc2.1_30s_bio_4","wc2.1_30s_bio_5","wc2.1_30s_bio_6","wc2.1_30s_bio_7","wc2.1_30s_bio_8","wc2.1_30s_bio_9"
"1",20.8250007629395,22.466667175293,18.8333339691162,1709,252,36,53.6937980651855,662,137,424,257,9.64999961853027,67.4825210571289,149.871154785156,28.3999996185303,14.1000003814697,14.2999992370605,21.8999996185303,20.8166656494141
"2",20.8250007629395,22.466667175293,18.8333339691162,1709,252,36,53.6937980651855,662,137,424,257,9.64999961853027,67.4825210571289,149.871154785156,28.3999996185303,14.1000003814697,14.2999992370605,21.8999996185303,20.8166656494141
"3",18.0499992370605,19.75,15.966667175293,1683,250,35,54.3807373046875,644,132,447,234,9.19999980926514,66.1870498657227,155.461181640625,25.2999992370605,11.3999996185303,13.8999996185303,19.1499996185303,18.0833339691162
"4",20.8583335876465,22.5,18.8166675567627,1713,251,37,53.3088684082031,663,139,420,261,9.69999980926514,67.8321685791016,153.650039672852,28.3999996185303,14.1000003814697,14.2999992370605,22,20.8333339691162
