"","wc2.1_30s_bio_1","wc2.1_30s_bio_10","wc2.1_30s_bio_11","wc2.1_30s_bio_12","wc2.1_30s_bio_13","wc2.1_30s_bio_14","wc2.1_30s_bio_15","wc2.1_30s_bio_16","wc2.1_30s_bio_17","wc2.1_30s_bio_18","wc2.1_30s_bio_19","wc2.1_30s_bio_2","wc2.1_30s_bio_3","wc2.1_30s_bio_4","wc2.1_30s_bio_5","wc2.1_30s_bio_6","wc2.1_30s_bio_7","wc2.1_30s_bio_8","wc2.1_30s_bio_9"
"1",19.9458332061768,21.3166656494141,18.3666667938232,2002,230,90,28.7695083618164,655,315,570,315,6.125,64.4736862182617,124.196655273438,24.6000003814697,15.1000003814697,9.5,21.2999992370605,18.3666667938232
"2",24.9750003814697,26.4833335876465,23.2000007629395,2047,233,84,29.9559574127197,655,296,601,296,8.38333320617676,69.8611068725586,138.736190795898,30.7000007629395,18.7000007629395,12,26.3000011444092,23.2000007629395
