"","wc2.1_30s_bio_1","wc2.1_30s_bio_10","wc2.1_30s_bio_11","wc2.1_30s_bio_12","wc2.1_30s_bio_13","wc2.1_30s_bio_14","wc2.1_30s_bio_15","wc2.1_30s_bio_16","wc2.1_30s_bio_17","wc2.1_30s_bio_18","wc2.1_30s_bio_19","wc2.1_30s_bio_2","wc2.1_30s_bio_3","wc2.1_30s_bio_4","wc2.1_30s_bio_5","wc2.1_30s_bio_6","wc2.1_30s_bio_7","wc2.1_30s_bio_8","wc2.1_30s_bio_9"
"1",11.2416667938232,12.6333332061768,9.51666641235352,1672,260,29,58.6116256713867,665,113,559,113,10.0500001907349,72.3021621704102,128.767471313477,17.5,3.59999990463257,13.8999996185303,12.5333337783813,9.51666641235352
"2",11.6208333969116,13.033332824707,9.86666679382324,1650,255,31,57.2983551025391,652,121,550,121,10.125,71.8085098266602,130.322296142578,18,3.90000009536743,14.1000003814697,12.9333333969116,9.86666679382324
"3",12.0375003814697,13.3999996185303,10.3166666030884,1645,253,35,55.6966590881348,641,130,541,130,10.0416669845581,72.2422103881836,127.102760314941,18.2999992370605,4.40000009536743,13.8999996185303,13.3166666030884,10.3166666030884
"4",12.7166662216187,14.0833339691162,10.9833335876465,1568,243,31,56.4449119567871,614,119,521,119,10.1833333969116,72.2222213745117,127.213752746582,19.1000003814697,5,14.1000003814697,13.9833335876465,10.9833335876465
"5",13.4791669845581,14.8666667938232,11.7166662216187,1521,235,35,54.3803443908691,587,130,500,130,10.2083330154419,72.399528503418,129.306854248047,19.8999996185303,5.80000019073486,14.0999994277954,14.7666664123535,11.7166662216187
"6",14.2666664123535,15.6666669845581,12.4499998092651,1451,226,33,53.8435821533203,556,129,477,129,10.2666664123535,72.3004684448242,131.725158691406,20.7000007629395,6.5,14.2000007629395,15.5500001907349,12.4499998092651
