"","wc2.1_30s_bio_1","wc2.1_30s_bio_10","wc2.1_30s_bio_11","wc2.1_30s_bio_12","wc2.1_30s_bio_13","wc2.1_30s_bio_14","wc2.1_30s_bio_15","wc2.1_30s_bio_16","wc2.1_30s_bio_17","wc2.1_30s_bio_18","wc2.1_30s_bio_19","wc2.1_30s_bio_2","wc2.1_30s_bio_3","wc2.1_30s_bio_4","wc2.1_30s_bio_5","wc2.1_30s_bio_6","wc2.1_30s_bio_7","wc2.1_30s_bio_8","wc2.1_30s_bio_9"
"1",24.8500003814697,26.25,23.0833339691162,1617,200,73,31.999137878418,527,240,401,299,10.5666666030884,71.8820953369141,131.391143798828,31.7999992370605,17.1000003814697,14.6999988555908,25.466667175293,23.3166675567627
"2",25.091667175293,26.5,23.3166656494141,1510,188,68,32.0966415405273,490,221,383,271,10.6666660308838,72.0720748901367,132.370590209961,32.0999984741211,17.2999992370605,14.7999992370605,25.7000007629395,23.533332824707
"3",25.1625003814697,26.6000003814697,23.3500003814697,1524,185,70,30.928747177124,494,233,374,290,10.6583337783813,71.5324325561523,135.010528564453,32.2000007629395,17.2999992370605,14.9000015258789,25.783332824707,23.5666656494141
