"","wc2.1_30s_bio_1","wc2.1_30s_bio_10","wc2.1_30s_bio_11","wc2.1_30s_bio_12","wc2.1_30s_bio_13","wc2.1_30s_bio_14","wc2.1_30s_bio_15","wc2.1_30s_bio_16","wc2.1_30s_bio_17","wc2.1_30s_bio_18","wc2.1_30s_bio_19","wc2.1_30s_bio_2","wc2.1_30s_bio_3","wc2.1_30s_bio_4","wc2.1_30s_bio_5","wc2.1_30s_bio_6","wc2.1_30s_bio_7","wc2.1_30s_bio_8","wc2.1_30s_bio_9"
"1",25.7708339691162,28.5,22.9166660308838,1381,205,47,42.9414558410645,472,164,416,213,6.40833330154419,50.0651092529297,233.466552734375,32.0999984741211,19.2999992370605,12.7999992370605,27.5666675567627,23.6333332061768
"2",25.7708339691162,28.5,22.9166660308838,1381,205,47,42.9414558410645,472,164,416,213,6.40833330154419,50.0651092529297,233.466552734375,32.0999984741211,19.2999992370605,12.7999992370605,27.5666675567627,23.6333332061768
