"","wc2.1_30s_bio_1","wc2.1_30s_bio_10","wc2.1_30s_bio_11","wc2.1_30s_bio_12","wc2.1_30s_bio_13","wc2.1_30s_bio_14","wc2.1_30s_bio_15","wc2.1_30s_bio_16","wc2.1_30s_bio_17","wc2.1_30s_bio_18","wc2.1_30s_bio_19","wc2.1_30s_bio_2","wc2.1_30s_bio_3","wc2.1_30s_bio_4","wc2.1_30s_bio_5","wc2.1_30s_bio_6","wc2.1_30s_bio_7","wc2.1_30s_bio_8","wc2.1_30s_bio_9"
"1",23.3708324432373,23.7999992370605,22.6166667938232,4211,436,275,15.731671333313,1265,870,963,1114,9.45833301544189,87.5771636962891,48.9646492004395,28.7999992370605,18,10.7999992370605,23.1833343505859,23.716667175293
"2",23.3708324432373,23.7999992370605,22.6166667938232,4211,436,275,15.731671333313,1265,870,963,1114,9.45833301544189,87.5771636962891,48.9646492004395,28.7999992370605,18,10.7999992370605,23.1833343505859,23.716667175293
