"","wc2.1_30s_bio_1","wc2.1_30s_bio_10","wc2.1_30s_bio_11","wc2.1_30s_bio_12","wc2.1_30s_bio_13","wc2.1_30s_bio_14","wc2.1_30s_bio_15","wc2.1_30s_bio_16","wc2.1_30s_bio_17","wc2.1_30s_bio_18","wc2.1_30s_bio_19","wc2.1_30s_bio_2","wc2.1_30s_bio_3","wc2.1_30s_bio_4","wc2.1_30s_bio_5","wc2.1_30s_bio_6","wc2.1_30s_bio_7","wc2.1_30s_bio_8","wc2.1_30s_bio_9"
"1",12.7166662216187,14.0833339691162,10.9833335876465,1568,243,31,56.4449119567871,614,119,521,119,10.1833333969116,72.2222213745117,127.213752746582,19.1000003814697,5,14.1000003814697,13.9833335876465,10.9833335876465
"2",13.1374998092651,14.5333337783813,11.3666667938232,1548,239,33,55.1090660095215,601,127,511,127,10.2583332061768,72.2417831420898,130.403656005859,19.6000003814697,5.40000009536743,14.2000007629395,14.4333333969116,11.3666667938232
"3",13.9416666030884,15.3500003814697,12.1666660308838,1479,230,32,54.6197242736816,571,126,489,126,10.3166666030884,72.6525802612305,130.049530029297,20.3999996185303,6.19999980926514,14.1999998092651,15.2333335876465,12.1666660308838
