"","wc2.1_30s_bio_1","wc2.1_30s_bio_10","wc2.1_30s_bio_11","wc2.1_30s_bio_12","wc2.1_30s_bio_13","wc2.1_30s_bio_14","wc2.1_30s_bio_15","wc2.1_30s_bio_16","wc2.1_30s_bio_17","wc2.1_30s_bio_18","wc2.1_30s_bio_19","wc2.1_30s_bio_2","wc2.1_30s_bio_3","wc2.1_30s_bio_4","wc2.1_30s_bio_5","wc2.1_30s_bio_6","wc2.1_30s_bio_7","wc2.1_30s_bio_8","wc2.1_30s_bio_9"
"1",20.2458324432373,21.033332824707,19.5166664123535,3565,545,98,42.5009346008301,1312,412,540,1031,8.80833339691162,78.6458358764648,60.6577033996582,25.8999996185303,14.6999998092651,11.1999998092651,19.6833324432373,20.6166667938232
"2",20.2458324432373,21.033332824707,19.5166664123535,3565,545,98,42.5009346008301,1312,412,540,1031,8.80833339691162,78.6458358764648,60.6577033996582,25.8999996185303,14.6999998092651,11.1999998092651,19.6833324432373,20.6166667938232
"3",20.2458324432373,21.033332824707,19.5166664123535,3565,545,98,42.5009346008301,1312,412,540,1031,8.80833339691162,78.6458358764648,60.6577033996582,25.8999996185303,14.6999998092651,11.1999998092651,19.6833324432373,20.6166667938232
"4",20.2458324432373,21.033332824707,19.5166664123535,3565,545,98,42.5009346008301,1312,412,540,1031,8.80833339691162,78.6458358764648,60.6577033996582,25.8999996185303,14.6999998092651,11.1999998092651,19.6833324432373,20.6166667938232
