"","wc2.1_30s_bio_1","wc2.1_30s_bio_10","wc2.1_30s_bio_11","wc2.1_30s_bio_12","wc2.1_30s_bio_13","wc2.1_30s_bio_14","wc2.1_30s_bio_15","wc2.1_30s_bio_16","wc2.1_30s_bio_17","wc2.1_30s_bio_18","wc2.1_30s_bio_19","wc2.1_30s_bio_2","wc2.1_30s_bio_3","wc2.1_30s_bio_4","wc2.1_30s_bio_5","wc2.1_30s_bio_6","wc2.1_30s_bio_7","wc2.1_30s_bio_8","wc2.1_30s_bio_9"
"1",23.8583335876465,24.5833339691162,23.4166660308838,2805,524,15,72.6951065063477,1269,100,511,879,8.89999961853027,78.0701751708984,47.4740753173828,30,18.6000003814697,11.3999996185303,23.5833339691162,23.966667175293
"2",26.0666675567627,26.8999996185303,25.533332824707,2237,362,19,62.326488494873,939,82,208,939,7.46666669845581,78.5964889526367,60.088321685791,31.1000003814697,21.6000003814697,9.5,25.533332824707,26.5
"3",25.7083339691162,26.5833339691162,25.033332824707,2612,389,18,53.9141845703125,1028,155,427,959,6.08333349227905,77.0042266845703,62.9152870178223,29.7999992370605,21.8999996185303,7.89999961853027,25.1499996185303,25.75
"4",26.6000003814697,27.5666656494141,25.8333339691162,2942,458,25,62.9543495178223,1260,131,559,866,8.39999961853027,74.9999923706055,69.0520172119141,32.5,21.2999992370605,11.2000007629395,26.1666679382324,26.8333339691162
"5",23.8583335876465,24.5833339691162,23.4166660308838,2805,524,15,72.6951065063477,1269,100,511,879,8.89999961853027,78.0701751708984,47.4740753173828,30,18.6000003814697,11.3999996185303,23.5833339691162,23.966667175293
"6",27.4125003814697,28.3833332061768,26.7000007629395,2022,342,3,68.8374252319336,839,56,409,636,8.90833377838135,79.538688659668,67.390495300293,33.5,22.2999992370605,11.2000007629395,26.75,27.8333339691162
"7",26.9416656494141,27.7333335876465,26.4500007629395,2204,358,11,66.88720703125,899,62,140,798,7.31666660308838,78.6738433837891,58.0295104980469,31.7999992370605,22.5,9.29999923706055,26.4500007629395,27.3500003814697
"8",27.0708332061768,28.0166664123535,26.3666667938232,2087,339,6,70.2950897216797,883,58,321,673,6.85833358764648,76.2037048339844,67.2667007446289,31.7999992370605,22.7999992370605,9,26.6000003814697,27.3833332061768
