"","wc2.1_30s_bio_1","wc2.1_30s_bio_10","wc2.1_30s_bio_11","wc2.1_30s_bio_12","wc2.1_30s_bio_13","wc2.1_30s_bio_14","wc2.1_30s_bio_15","wc2.1_30s_bio_16","wc2.1_30s_bio_17","wc2.1_30s_bio_18","wc2.1_30s_bio_19","wc2.1_30s_bio_2","wc2.1_30s_bio_3","wc2.1_30s_bio_4","wc2.1_30s_bio_5","wc2.1_30s_bio_6","wc2.1_30s_bio_7","wc2.1_30s_bio_8","wc2.1_30s_bio_9"
"1",26.6916675567627,27.783332824707,25.5499992370605,923,119,45,36.0459098815918,346,138,316,138,5.98333311080933,70.3921508789062,91.2746353149414,31,22.5,8.5,27.4166660308838,25.5499992370605
"2",26.6916675567627,27.783332824707,25.5499992370605,923,119,45,36.0459098815918,346,138,316,138,5.98333311080933,70.3921508789062,91.2746353149414,31,22.5,8.5,27.4166660308838,25.5499992370605
"3",26.716667175293,27.8166656494141,25.6000003814697,915,116,45,35.9637870788574,342,136,315,136,5.84999990463257,69.6428604125977,90.0588836669922,31,22.6000003814697,8.39999961853027,27.466667175293,25.6000003814697
