"","wc2.1_30s_bio_1","wc2.1_30s_bio_10","wc2.1_30s_bio_11","wc2.1_30s_bio_12","wc2.1_30s_bio_13","wc2.1_30s_bio_14","wc2.1_30s_bio_15","wc2.1_30s_bio_16","wc2.1_30s_bio_17","wc2.1_30s_bio_18","wc2.1_30s_bio_19","wc2.1_30s_bio_2","wc2.1_30s_bio_3","wc2.1_30s_bio_4","wc2.1_30s_bio_5","wc2.1_30s_bio_6","wc2.1_30s_bio_7","wc2.1_30s_bio_8","wc2.1_30s_bio_9"
"1",25.1499996185303,25.533332824707,24.8499984741211,4802,544,194,30.0350322723389,1515,695,1021,1414,6.48333311080933,88.8127975463867,27.6339950561523,29,21.7000007629395,7.29999923706055,25.216667175293,25.5
"2",25.0499992370605,25.4333343505859,24.7666664123535,4806,539,195,27.001766204834,1491,735,1026,1370,6.51666593551636,89.2694091796875,26.9679927825928,28.8999996185303,21.6000003814697,7.29999923706055,25.1333332061768,25.3833332061768
"3",25.0499992370605,25.4333343505859,24.7666664123535,4806,539,195,27.001766204834,1491,735,1026,1370,6.51666593551636,89.2694091796875,26.9679927825928,28.8999996185303,21.6000003814697,7.29999923706055,25.1333332061768,25.3833332061768
"4",25.3999996185303,25.8166656494141,25.1166667938232,4892,536,197,29.4523239135742,1530,714,1018,1435,6.46666669845581,87.3873901367188,28.5242862701416,29.2999992370605,21.8999996185303,7.39999961853027,25.4500007629395,25.7666664123535
"5",25.6458339691162,26.0499992370605,25.3666667938232,5041,563,196,26.4147796630859,1527,782,1056,1507,6.40833330154419,87.785400390625,27.7536773681641,29.5,22.2000007629395,7.29999923706055,25.716667175293,25.9833335876465
"6",25.6458339691162,26.0499992370605,25.3666667938232,5041,563,196,26.4147796630859,1527,782,1056,1507,6.40833330154419,87.785400390625,27.7536773681641,29.5,22.2000007629395,7.29999923706055,25.716667175293,25.9833335876465
"7",25.6458339691162,26.0499992370605,25.3666667938232,5041,563,196,26.4147796630859,1527,782,1056,1507,6.40833330154419,87.785400390625,27.7536773681641,29.5,22.2000007629395,7.29999923706055,25.716667175293,25.9833335876465
"8",25.6458339691162,26.0499992370605,25.3666667938232,5041,563,196,26.4147796630859,1527,782,1056,1507,6.40833330154419,87.785400390625,27.7536773681641,29.5,22.2000007629395,7.29999923706055,25.716667175293,25.9833335876465
"9",25.6458339691162,26.0499992370605,25.3666667938232,5041,563,196,26.4147796630859,1527,782,1056,1507,6.40833330154419,87.785400390625,27.7536773681641,29.5,22.2000007629395,7.29999923706055,25.716667175293,25.9833335876465
