"","wc2.1_30s_bio_1","wc2.1_30s_bio_10","wc2.1_30s_bio_11","wc2.1_30s_bio_12","wc2.1_30s_bio_13","wc2.1_30s_bio_14","wc2.1_30s_bio_15","wc2.1_30s_bio_16","wc2.1_30s_bio_17","wc2.1_30s_bio_18","wc2.1_30s_bio_19","wc2.1_30s_bio_2","wc2.1_30s_bio_3","wc2.1_30s_bio_4","wc2.1_30s_bio_5","wc2.1_30s_bio_6","wc2.1_30s_bio_7","wc2.1_30s_bio_8","wc2.1_30s_bio_9"
"1",19.3708343505859,20.0499992370605,18.7999992370605,2759,482,17,71.5954513549805,1267,116,534,343,8.79166698455811,77.802360534668,50.7425880432129,25.1000003814697,13.8000001907349,11.3000001907349,19.25,18.8166656494141
"2",18.783332824707,19.4166660308838,18.1833343505859,2765,485,21,74.785530090332,1314,76,486,134,8.78333282470703,78.4226226806641,50.1965713500977,24.3999996185303,13.1999998092651,11.1999998092651,18.716667175293,18.533332824707
"3",17.6666660308838,18.2666664123535,17,3099,486,66,56.2271499633789,1286,222,805,360,8.85000038146973,78.3185806274414,50.7817611694336,23.2000007629395,11.8999996185303,11.3000011444092,17.6666660308838,17.3166675567627
