"","wc2.1_30s_bio_1","wc2.1_30s_bio_10","wc2.1_30s_bio_11","wc2.1_30s_bio_12","wc2.1_30s_bio_13","wc2.1_30s_bio_14","wc2.1_30s_bio_15","wc2.1_30s_bio_16","wc2.1_30s_bio_17","wc2.1_30s_bio_18","wc2.1_30s_bio_19","wc2.1_30s_bio_2","wc2.1_30s_bio_3","wc2.1_30s_bio_4","wc2.1_30s_bio_5","wc2.1_30s_bio_6","wc2.1_30s_bio_7","wc2.1_30s_bio_8","wc2.1_30s_bio_9"
"1",17.9249992370605,19.6000003814697,15.6499996185303,1327,249,21,82.0700988769531,664,71,379,80,12.0666666030884,67.7902603149414,164.600082397461,26.5,8.69999980926514,17.7999992370605,19.0166664123535,16.3166675567627
"2",18.5208339691162,20.2666664123535,16.1666660308838,1405,261,25,79.7132110595703,696,81,388,97,12.2749996185303,67.4450607299805,169.255828857422,27.2999992370605,9.10000038146973,18.1999988555908,19.6000003814697,16.8833332061768
