"","wc2.1_30s_bio_1","wc2.1_30s_bio_10","wc2.1_30s_bio_11","wc2.1_30s_bio_12","wc2.1_30s_bio_13","wc2.1_30s_bio_14","wc2.1_30s_bio_15","wc2.1_30s_bio_16","wc2.1_30s_bio_17","wc2.1_30s_bio_18","wc2.1_30s_bio_19","wc2.1_30s_bio_2","wc2.1_30s_bio_3","wc2.1_30s_bio_4","wc2.1_30s_bio_5","wc2.1_30s_bio_6","wc2.1_30s_bio_7","wc2.1_30s_bio_8","wc2.1_30s_bio_9"
"1",25.529167175293,26.7999992370605,23.9333324432373,2101,253,92,29.4165325164795,650,315,600,358,9.625,75.7873992919922,120.065490722656,31.6000003814697,18.8999996185303,12.7000007629395,26.6166667938232,24.1000003814697
"2",25.529167175293,26.7999992370605,23.9333324432373,2101,253,92,29.4165325164795,650,315,600,358,9.625,75.7873992919922,120.065490722656,31.6000003814697,18.8999996185303,12.7000007629395,26.6166667938232,24.1000003814697
"3",25.529167175293,26.7999992370605,23.9333324432373,2101,253,92,29.4165325164795,650,315,600,358,9.625,75.7873992919922,120.065490722656,31.6000003814697,18.8999996185303,12.7000007629395,26.6166667938232,24.1000003814697
"4",25.529167175293,26.7999992370605,23.9333324432373,2101,253,92,29.4165325164795,650,315,600,358,9.625,75.7873992919922,120.065490722656,31.6000003814697,18.8999996185303,12.7000007629395,26.6166667938232,24.1000003814697
"5",25.0166664123535,26.283332824707,23.3666667938232,2114,263,87,33.6380157470703,678,291,667,317,9.83333301544189,75.6410293579102,122.22061920166,31.2000007629395,18.2000007629395,13,26.1166667938232,23.5833339691162
