"","wc2.1_30s_bio_1","wc2.1_30s_bio_10","wc2.1_30s_bio_11","wc2.1_30s_bio_12","wc2.1_30s_bio_13","wc2.1_30s_bio_14","wc2.1_30s_bio_15","wc2.1_30s_bio_16","wc2.1_30s_bio_17","wc2.1_30s_bio_18","wc2.1_30s_bio_19","wc2.1_30s_bio_2","wc2.1_30s_bio_3","wc2.1_30s_bio_4","wc2.1_30s_bio_5","wc2.1_30s_bio_6","wc2.1_30s_bio_7","wc2.1_30s_bio_8","wc2.1_30s_bio_9"
"1",25.9333324432373,27.8666667938232,23.8333320617676,1805,241,89,34.2353057861328,669,301,372,446,7.01666688919067,59.4632720947266,165.890625,31.6000003814697,19.7999992370605,11.8000011444092,25.4500007629395,24.5166664123535
"2",25.9333324432373,27.8666667938232,23.8333320617676,1805,241,89,34.2353057861328,669,301,372,446,7.01666688919067,59.4632720947266,165.890625,31.6000003814697,19.7999992370605,11.8000011444092,25.4500007629395,24.5166664123535
