"","wc2.1_30s_bio_1","wc2.1_30s_bio_10","wc2.1_30s_bio_11","wc2.1_30s_bio_12","wc2.1_30s_bio_13","wc2.1_30s_bio_14","wc2.1_30s_bio_15","wc2.1_30s_bio_16","wc2.1_30s_bio_17","wc2.1_30s_bio_18","wc2.1_30s_bio_19","wc2.1_30s_bio_2","wc2.1_30s_bio_3","wc2.1_30s_bio_4","wc2.1_30s_bio_5","wc2.1_30s_bio_6","wc2.1_30s_bio_7","wc2.1_30s_bio_8","wc2.1_30s_bio_9"
"1",17.9333324432373,18.283332824707,17.3999996185303,1450,238,29,54.4394645690918,570,117,378,134,9.38333320617676,86.0856323242188,36.0765190124512,23,12.1000003814697,10.8999996185303,18.0666675567627,17.6833324432373
"2",19.1208343505859,19.533332824707,18.3999996185303,1211,175,22,49.8550720214844,474,99,424,111,7.625,79.4270782470703,50.6080474853516,23.6000003814697,14,9.60000038146973,19.4833335876465,18.6499996185303
"3",19.1208343505859,19.533332824707,18.3999996185303,1211,175,22,49.8550720214844,474,99,424,111,7.625,79.4270782470703,50.6080474853516,23.6000003814697,14,9.60000038146973,19.4833335876465,18.6499996185303
"4",17.9333324432373,18.283332824707,17.3999996185303,1450,238,29,54.4394645690918,570,117,378,134,9.38333320617676,86.0856323242188,36.0765190124512,23,12.1000003814697,10.8999996185303,18.0666675567627,17.6833324432373
