"","wc2.1_30s_bio_1","wc2.1_30s_bio_10","wc2.1_30s_bio_11","wc2.1_30s_bio_12","wc2.1_30s_bio_13","wc2.1_30s_bio_14","wc2.1_30s_bio_15","wc2.1_30s_bio_16","wc2.1_30s_bio_17","wc2.1_30s_bio_18","wc2.1_30s_bio_19","wc2.1_30s_bio_2","wc2.1_30s_bio_3","wc2.1_30s_bio_4","wc2.1_30s_bio_5","wc2.1_30s_bio_6","wc2.1_30s_bio_7","wc2.1_30s_bio_8","wc2.1_30s_bio_9"
"1",17.7041664123535,19.3500003814697,15.7333335876465,1808,287,36,60.8949508666992,770,132,500,236,9.24166679382324,66.0119018554688,147.254531860352,25,11,14,18.6333332061768,17.8999996185303
"2",17.7666664123535,19.466667175293,15.6833333969116,1687,250,35,54.2571640014648,645,132,449,237,9.16666698455811,65.9472427368164,155.626800537109,25,11.1000003814697,13.8999996185303,18.8500003814697,17.7999992370605
"3",18.904167175293,20.6166667938232,16.8166675567627,1707,253,36,53.8506851196289,654,135,442,248,9.35833358764648,66.8452377319336,156.647537231445,26.2000007629395,12.1999998092651,14.0000009536743,20,18.966667175293
"4",17.5583343505859,19.2666664123535,15.4499998092651,1686,251,35,54.601879119873,648,132,451,234,9.13333320617676,66.1835708618164,157.751724243164,24.7000007629395,10.8999996185303,13.8000011444092,18.7000007629395,17.5833339691162
"5",17.5583343505859,19.2666664123535,15.4499998092651,1686,251,35,54.601879119873,648,132,451,234,9.13333320617676,66.1835708618164,157.751724243164,24.7000007629395,10.8999996185303,13.8000011444092,18.7000007629395,17.5833339691162
"6",18.0499992370605,19.75,15.966667175293,1683,250,35,54.3807373046875,644,132,447,234,9.19999980926514,66.1870498657227,155.461181640625,25.2999992370605,11.3999996185303,13.8999996185303,19.1499996185303,18.0833339691162
"7",18.0499992370605,19.75,15.966667175293,1683,250,35,54.3807373046875,644,132,447,234,9.19999980926514,66.1870498657227,155.461181640625,25.2999992370605,11.3999996185303,13.8999996185303,19.1499996185303,18.0833339691162
