"","wc2.1_30s_bio_1","wc2.1_30s_bio_10","wc2.1_30s_bio_11","wc2.1_30s_bio_12","wc2.1_30s_bio_13","wc2.1_30s_bio_14","wc2.1_30s_bio_15","wc2.1_30s_bio_16","wc2.1_30s_bio_17","wc2.1_30s_bio_18","wc2.1_30s_bio_19","wc2.1_30s_bio_2","wc2.1_30s_bio_3","wc2.1_30s_bio_4","wc2.1_30s_bio_5","wc2.1_30s_bio_6","wc2.1_30s_bio_7","wc2.1_30s_bio_8","wc2.1_30s_bio_9"
"1",25.966667175293,26.3666667938232,25.3500003814697,2528,309,110,31.8763732910156,831,391,534,831,9.71666717529297,85.9882049560547,41.3594741821289,32,20.7000007629395,11.2999992370605,25.3500003814697,26.0833320617676
"2",25.966667175293,26.3666667938232,25.3500003814697,2528,309,110,31.8763732910156,831,391,534,831,9.71666717529297,85.9882049560547,41.3594741821289,32,20.7000007629395,11.2999992370605,25.3500003814697,26.0833320617676
