"","wc2.1_30s_bio_1","wc2.1_30s_bio_10","wc2.1_30s_bio_11","wc2.1_30s_bio_12","wc2.1_30s_bio_13","wc2.1_30s_bio_14","wc2.1_30s_bio_15","wc2.1_30s_bio_16","wc2.1_30s_bio_17","wc2.1_30s_bio_18","wc2.1_30s_bio_19","wc2.1_30s_bio_2","wc2.1_30s_bio_3","wc2.1_30s_bio_4","wc2.1_30s_bio_5","wc2.1_30s_bio_6","wc2.1_30s_bio_7","wc2.1_30s_bio_8","wc2.1_30s_bio_9"
"1",21.0125007629395,22.3833332061768,19.3000011444092,1442,294,6,104.522254943848,868,29,366,34,13.0583333969116,72.9515838623047,122.25390625,29.7000007629395,11.8000001907349,17.9000015258789,21.5833320617676,19.8833332061768
"2",20.6458339691162,22.1333332061768,18.8166675567627,1451,293,6,103.049667358398,864,31,363,38,13.1583337783813,71.5126800537109,132.209518432617,29.6000003814697,11.1999998092651,18.4000015258789,21.2666664123535,19.4833335876465
