"","wc2.1_30s_bio_1","wc2.1_30s_bio_10","wc2.1_30s_bio_11","wc2.1_30s_bio_12","wc2.1_30s_bio_13","wc2.1_30s_bio_14","wc2.1_30s_bio_15","wc2.1_30s_bio_16","wc2.1_30s_bio_17","wc2.1_30s_bio_18","wc2.1_30s_bio_19","wc2.1_30s_bio_2","wc2.1_30s_bio_3","wc2.1_30s_bio_4","wc2.1_30s_bio_5","wc2.1_30s_bio_6","wc2.1_30s_bio_7","wc2.1_30s_bio_8","wc2.1_30s_bio_9"
"1",25.9541664123535,27.2999992370605,24.4499988555908,871,145,21,59.8675918579102,381,72,315,72,10.841667175293,76.3497695922852,112.804306030273,32.5999984741211,18.3999996185303,14.1999988555908,27.0166664123535,24.4499988555908
"2",26.0791664123535,27.5,24.5499992370605,840,141,23,58.886043548584,367,74,303,74,10.658332824707,75.5910263061523,116.37434387207,32.7999992370605,18.7000007629395,14.0999984741211,27.1999988555908,24.5499992370605
