"","wc2.1_30s_bio_1","wc2.1_30s_bio_10","wc2.1_30s_bio_11","wc2.1_30s_bio_12","wc2.1_30s_bio_13","wc2.1_30s_bio_14","wc2.1_30s_bio_15","wc2.1_30s_bio_16","wc2.1_30s_bio_17","wc2.1_30s_bio_18","wc2.1_30s_bio_19","wc2.1_30s_bio_2","wc2.1_30s_bio_3","wc2.1_30s_bio_4","wc2.1_30s_bio_5","wc2.1_30s_bio_6","wc2.1_30s_bio_7","wc2.1_30s_bio_8","wc2.1_30s_bio_9"
"1",28.0125007629395,29.3333339691162,27.033332824707,1589,331,3,96.7982940673828,827,12,255,360,10.5083332061768,74.5271835327148,94.0291290283203,35.5,21.3999996185303,14.1000003814697,27.4500007629395,28.2999992370605
"2",28.0125007629395,29.3333339691162,27.033332824707,1589,331,3,96.7982940673828,827,12,255,360,10.5083332061768,74.5271835327148,94.0291290283203,35.5,21.3999996185303,14.1000003814697,27.4500007629395,28.2999992370605
"3",28.0125007629395,29.3333339691162,27.033332824707,1589,331,3,96.7982940673828,827,12,255,360,10.5083332061768,74.5271835327148,94.0291290283203,35.5,21.3999996185303,14.1000003814697,27.4500007629395,28.2999992370605
