"","wc2.1_30s_bio_1","wc2.1_30s_bio_10","wc2.1_30s_bio_11","wc2.1_30s_bio_12","wc2.1_30s_bio_13","wc2.1_30s_bio_14","wc2.1_30s_bio_15","wc2.1_30s_bio_16","wc2.1_30s_bio_17","wc2.1_30s_bio_18","wc2.1_30s_bio_19","wc2.1_30s_bio_2","wc2.1_30s_bio_3","wc2.1_30s_bio_4","wc2.1_30s_bio_5","wc2.1_30s_bio_6","wc2.1_30s_bio_7","wc2.1_30s_bio_8","wc2.1_30s_bio_9"
"1",26.625,28.3333339691162,24.5666656494141,1213,185,23,64.5969848632812,494,85,483,85,7.49999952316284,63.0252075195312,153.940658569336,32.5,20.6000003814697,11.8999996185303,27.9500007629395,24.5666656494141
"2",26.625,28.3333339691162,24.5666656494141,1213,185,23,64.5969848632812,494,85,483,85,7.49999952316284,63.0252075195312,153.940658569336,32.5,20.6000003814697,11.8999996185303,27.9500007629395,24.5666656494141
