"","wc2.1_30s_bio_1","wc2.1_30s_bio_10","wc2.1_30s_bio_11","wc2.1_30s_bio_12","wc2.1_30s_bio_13","wc2.1_30s_bio_14","wc2.1_30s_bio_15","wc2.1_30s_bio_16","wc2.1_30s_bio_17","wc2.1_30s_bio_18","wc2.1_30s_bio_19","wc2.1_30s_bio_2","wc2.1_30s_bio_3","wc2.1_30s_bio_4","wc2.1_30s_bio_5","wc2.1_30s_bio_6","wc2.1_30s_bio_7","wc2.1_30s_bio_8","wc2.1_30s_bio_9"
"1",20.3624992370605,21.2999992370605,19.6000003814697,2616,472,23,67.0030212402344,1138,164,479,411,9.42500019073486,77.8925552368164,67.5252532958984,26.7000007629395,14.6000003814697,12.1000003814697,20.1166667938232,20.2999992370605
"2",20.3624992370605,21.2999992370605,19.6000003814697,2616,472,23,67.0030212402344,1138,164,479,411,9.42500019073486,77.8925552368164,67.5252532958984,26.7000007629395,14.6000003814697,12.1000003814697,20.1166667938232,20.2999992370605
"3",19.7374992370605,20.6333332061768,18.9500007629395,2513,501,33,68.4294815063477,1100,113,385,384,9.49166679382324,78.4435272216797,67.3567504882812,26,13.8999996185303,12.1000003814697,19.533332824707,19.6166667938232
