"","wc2.1_30s_bio_1","wc2.1_30s_bio_10","wc2.1_30s_bio_11","wc2.1_30s_bio_12","wc2.1_30s_bio_13","wc2.1_30s_bio_14","wc2.1_30s_bio_15","wc2.1_30s_bio_16","wc2.1_30s_bio_17","wc2.1_30s_bio_18","wc2.1_30s_bio_19","wc2.1_30s_bio_2","wc2.1_30s_bio_3","wc2.1_30s_bio_4","wc2.1_30s_bio_5","wc2.1_30s_bio_6","wc2.1_30s_bio_7","wc2.1_30s_bio_8","wc2.1_30s_bio_9"
"1",21.8999996185303,22.4166660308838,21.2666664123535,2705,391,103,40.4192771911621,950,362,727,875,10.6166667938232,87.0218658447266,46.8556709289551,28.2999992370605,16.1000003814697,12.1999988555908,21.3500003814697,22.1833324432373
"2",21.8999996185303,22.4166660308838,21.2666664123535,2705,391,103,40.4192771911621,950,362,727,875,10.6166667938232,87.0218658447266,46.8556709289551,28.2999992370605,16.1000003814697,12.1999988555908,21.3500003814697,22.1833324432373
"3",18.6291656494141,18.966667175293,18.216667175293,2463,292,112,31.8964004516602,775,392,551,716,9.32499980926514,89.663459777832,31.7274169921875,24.1000003814697,13.6999998092651,10.4000005722046,18.3999996185303,18.9166660308838
