"","wc2.1_30s_bio_1","wc2.1_30s_bio_10","wc2.1_30s_bio_11","wc2.1_30s_bio_12","wc2.1_30s_bio_13","wc2.1_30s_bio_14","wc2.1_30s_bio_15","wc2.1_30s_bio_16","wc2.1_30s_bio_17","wc2.1_30s_bio_18","wc2.1_30s_bio_19","wc2.1_30s_bio_2","wc2.1_30s_bio_3","wc2.1_30s_bio_4","wc2.1_30s_bio_5","wc2.1_30s_bio_6","wc2.1_30s_bio_7","wc2.1_30s_bio_8","wc2.1_30s_bio_9"
"1",18.4958343505859,19.5666675567627,17.1333332061768,1787,206,79,26.9761753082275,591,282,591,307,7.15833330154419,70.1797332763672,99.6689758300781,23.2000007629395,13,10.2000007629395,19.5666675567627,17.4833335876465
"2",21.3541660308838,22.5166664123535,19.8166675567627,1640,200,68,31.6480560302734,572,243,546,255,7.15833330154419,68.8301239013672,113.946929931641,26.1000003814697,15.6999998092651,10.4000005722046,22.4500007629395,20.283332824707
"3",21.5416660308838,22.7000007629395,20.033332824707,1656,201,70,31.0619945526123,573,246,548,260,7.21666669845581,69.3910293579102,112.023414611816,26.2999992370605,15.8999996185303,10.3999996185303,22.6166667938232,20.466667175293
"4",23.2333335876465,24.4166660308838,21.716667175293,1640,199,67,32.041202545166,568,234,547,262,7.23333358764648,69.5512847900391,113.023193359375,28,17.6000003814697,10.3999996185303,24.2999992370605,22.1499996185303
"5",23.470832824707,24.6666660308838,21.9333343505859,1616,199,66,33.0305099487305,568,229,548,248,7.37499952316284,69.5754776000977,114.74195098877,28.2999992370605,17.7000007629395,10.5999984741211,24.5499992370605,22.3833332061768
