"","wc2.1_30s_bio_1","wc2.1_30s_bio_10","wc2.1_30s_bio_11","wc2.1_30s_bio_12","wc2.1_30s_bio_13","wc2.1_30s_bio_14","wc2.1_30s_bio_15","wc2.1_30s_bio_16","wc2.1_30s_bio_17","wc2.1_30s_bio_18","wc2.1_30s_bio_19","wc2.1_30s_bio_2","wc2.1_30s_bio_3","wc2.1_30s_bio_4","wc2.1_30s_bio_5","wc2.1_30s_bio_6","wc2.1_30s_bio_7","wc2.1_30s_bio_8","wc2.1_30s_bio_9"
"1",25.1499996185303,25.533332824707,24.8499984741211,4802,544,194,30.0350322723389,1515,695,1021,1414,6.48333311080933,88.8127975463867,27.6339950561523,29,21.7000007629395,7.29999923706055,25.216667175293,25.5
"2",25.2999992370605,25.716667175293,25.0166664123535,4740,531,194,29.4960651397705,1481,697,947,1429,6.46666669845581,87.3873748779297,28.3645114898682,29.2000007629395,21.7999992370605,7.40000152587891,25.033332824707,25.6666660308838
