"","wc2.1_30s_bio_1","wc2.1_30s_bio_10","wc2.1_30s_bio_11","wc2.1_30s_bio_12","wc2.1_30s_bio_13","wc2.1_30s_bio_14","wc2.1_30s_bio_15","wc2.1_30s_bio_16","wc2.1_30s_bio_17","wc2.1_30s_bio_18","wc2.1_30s_bio_19","wc2.1_30s_bio_2","wc2.1_30s_bio_3","wc2.1_30s_bio_4","wc2.1_30s_bio_5","wc2.1_30s_bio_6","wc2.1_30s_bio_7","wc2.1_30s_bio_8","wc2.1_30s_bio_9"
"1",15.3375005722046,15.5666675567627,15,2193,302,82,38.5282402038574,762,314,513,762,7.55833339691162,87.8875961303711,25.147289276123,19.7000007629395,11.1000003814697,8.60000038146973,15,15.3999996185303
"2",15.3375005722046,15.5666675567627,15,2193,302,82,38.5282402038574,762,314,513,762,7.55833339691162,87.8875961303711,25.147289276123,19.7000007629395,11.1000003814697,8.60000038146973,15,15.3999996185303
