"","wc2.1_30s_bio_1","wc2.1_30s_bio_10","wc2.1_30s_bio_11","wc2.1_30s_bio_12","wc2.1_30s_bio_13","wc2.1_30s_bio_14","wc2.1_30s_bio_15","wc2.1_30s_bio_16","wc2.1_30s_bio_17","wc2.1_30s_bio_18","wc2.1_30s_bio_19","wc2.1_30s_bio_2","wc2.1_30s_bio_3","wc2.1_30s_bio_4","wc2.1_30s_bio_5","wc2.1_30s_bio_6","wc2.1_30s_bio_7","wc2.1_30s_bio_8","wc2.1_30s_bio_9"
"1",23.6833343505859,26.3666667938232,21.3333339691162,1221,162,46,44.5260925292969,471,149,471,149,10.4166669845581,61.6370811462402,206.236114501953,32.2000007629395,15.3000001907349,16.9000015258789,26.3666667938232,21.3333339691162
"2",23.6833343505859,26.3666667938232,21.3333339691162,1221,162,46,44.5260925292969,471,149,471,149,10.4166669845581,61.6370811462402,206.236114501953,32.2000007629395,15.3000001907349,16.9000015258789,26.3666667938232,21.3333339691162
"3",23.6833343505859,26.3666667938232,21.3333339691162,1221,162,46,44.5260925292969,471,149,471,149,10.4166669845581,61.6370811462402,206.236114501953,32.2000007629395,15.3000001907349,16.9000015258789,26.3666667938232,21.3333339691162
