"","wc2.1_30s_bio_1","wc2.1_30s_bio_10","wc2.1_30s_bio_11","wc2.1_30s_bio_12","wc2.1_30s_bio_13","wc2.1_30s_bio_14","wc2.1_30s_bio_15","wc2.1_30s_bio_16","wc2.1_30s_bio_17","wc2.1_30s_bio_18","wc2.1_30s_bio_19","wc2.1_30s_bio_2","wc2.1_30s_bio_3","wc2.1_30s_bio_4","wc2.1_30s_bio_5","wc2.1_30s_bio_6","wc2.1_30s_bio_7","wc2.1_30s_bio_8","wc2.1_30s_bio_9"
"1",24.091667175293,25.6666679382324,22.1000003814697,1459,356,3,111.898094177246,915,13,364,14,13.8166666030884,70.8546981811523,142.379699707031,33.2000007629395,13.6999998092651,19.5,24.8166675567627,22.7000007629395
"2",24.091667175293,25.6666679382324,22.1000003814697,1459,356,3,111.898094177246,915,13,364,14,13.8166666030884,70.8546981811523,142.379699707031,33.2000007629395,13.6999998092651,19.5,24.8166675567627,22.7000007629395
