"","wc2.1_30s_bio_1","wc2.1_30s_bio_10","wc2.1_30s_bio_11","wc2.1_30s_bio_12","wc2.1_30s_bio_13","wc2.1_30s_bio_14","wc2.1_30s_bio_15","wc2.1_30s_bio_16","wc2.1_30s_bio_17","wc2.1_30s_bio_18","wc2.1_30s_bio_19","wc2.1_30s_bio_2","wc2.1_30s_bio_3","wc2.1_30s_bio_4","wc2.1_30s_bio_5","wc2.1_30s_bio_6","wc2.1_30s_bio_7","wc2.1_30s_bio_8","wc2.1_30s_bio_9"
"1",20.6333332061768,21.5833339691162,19.8500003814697,2552,487,16,75.1310424804688,1247,100,327,335,9.16666698455811,76.3888931274414,69.9133605957031,27,15,12,20.4500007629395,21.1333332061768
"2",20.1708335876465,21.2000007629395,19.3500003814697,2298,423,10,85.0196914672852,1161,32,303,281,9.29166698455811,75.5419998168945,74.4207458496094,26.7000007629395,14.3999996185303,12.3000011444092,19.966667175293,20.0666656494141
