"","wc2.1_30s_bio_1","wc2.1_30s_bio_10","wc2.1_30s_bio_11","wc2.1_30s_bio_12","wc2.1_30s_bio_13","wc2.1_30s_bio_14","wc2.1_30s_bio_15","wc2.1_30s_bio_16","wc2.1_30s_bio_17","wc2.1_30s_bio_18","wc2.1_30s_bio_19","wc2.1_30s_bio_2","wc2.1_30s_bio_3","wc2.1_30s_bio_4","wc2.1_30s_bio_5","wc2.1_30s_bio_6","wc2.1_30s_bio_7","wc2.1_30s_bio_8","wc2.1_30s_bio_9"
"1",21.2749996185303,22.8500003814697,19.4333343505859,2091,419,68,60.6019325256348,842,208,564,208,9.14999961853027,67.7777709960938,138.326049804688,27.7000007629395,14.1999998092651,13.5000009536743,22.5166664123535,19.4333343505859
"2",21.529167175293,23.1333332061768,19.6333332061768,2065,413,67,60.9478645324707,831,202,567,202,9.19166660308838,67.5857849121094,141.187469482422,28,14.3999996185303,13.6000003814697,22.75,19.6333332061768
