"","wc2.1_30s_bio_1","wc2.1_30s_bio_10","wc2.1_30s_bio_11","wc2.1_30s_bio_12","wc2.1_30s_bio_13","wc2.1_30s_bio_14","wc2.1_30s_bio_15","wc2.1_30s_bio_16","wc2.1_30s_bio_17","wc2.1_30s_bio_18","wc2.1_30s_bio_19","wc2.1_30s_bio_2","wc2.1_30s_bio_3","wc2.1_30s_bio_4","wc2.1_30s_bio_5","wc2.1_30s_bio_6","wc2.1_30s_bio_7","wc2.1_30s_bio_8","wc2.1_30s_bio_9"
"1",19.7999992370605,21.7333335876465,17.4833335876465,1425,206,16,58.6177024841309,560,81,399,166,9.80000019073486,64.0522842407227,171.610015869141,27.6000003814697,12.3000001907349,15.3000001907349,20.3500003814697,19.9333343505859
"2",19.7999992370605,21.7333335876465,17.4833335876465,1425,206,16,58.6177024841309,560,81,399,166,9.80000019073486,64.0522842407227,171.610015869141,27.6000003814697,12.3000001907349,15.3000001907349,20.3500003814697,19.9333343505859
"3",18.5791664123535,20.466667175293,16.2666664123535,1461,210,17,58.3010177612305,569,85,412,170,9.59166717529297,63.9444389343262,170.313323974609,26.2000007629395,11.1999998092651,15.0000009536743,19.1833324432373,18.6666660308838
"4",18.5791664123535,20.466667175293,16.2666664123535,1461,210,17,58.3010177612305,569,85,412,170,9.59166717529297,63.9444389343262,170.313323974609,26.2000007629395,11.1999998092651,15.0000009536743,19.1833324432373,18.6666660308838
