"","wc2.1_30s_bio_1","wc2.1_30s_bio_10","wc2.1_30s_bio_11","wc2.1_30s_bio_12","wc2.1_30s_bio_13","wc2.1_30s_bio_14","wc2.1_30s_bio_15","wc2.1_30s_bio_16","wc2.1_30s_bio_17","wc2.1_30s_bio_18","wc2.1_30s_bio_19","wc2.1_30s_bio_2","wc2.1_30s_bio_3","wc2.1_30s_bio_4","wc2.1_30s_bio_5","wc2.1_30s_bio_6","wc2.1_30s_bio_7","wc2.1_30s_bio_8","wc2.1_30s_bio_9"
"1",12.3916664123535,14.5833339691162,10.3166666030884,1316,251,14,87.0760879516602,715,63,311,129,11.0666666030884,62.5235404968262,169.045913696289,22.1000003814697,4.40000009536743,17.7000007629395,12.9833335876465,12.9499998092651
"2",12.3916664123535,14.5833339691162,10.3166666030884,1316,251,14,87.0760879516602,715,63,311,129,11.0666666030884,62.5235404968262,169.045913696289,22.1000003814697,4.40000009536743,17.7000007629395,12.9833335876465,12.9499998092651
"3",11.6875,13.75,9.76666641235352,1174,221,14,86.07080078125,634,59,296,108,11.0250005722046,64.0988388061523,158.402908325195,21.2000007629395,4,17.2000007629395,12.1833333969116,10.7666664123535
