"","wc2.1_30s_bio_1","wc2.1_30s_bio_10","wc2.1_30s_bio_11","wc2.1_30s_bio_12","wc2.1_30s_bio_13","wc2.1_30s_bio_14","wc2.1_30s_bio_15","wc2.1_30s_bio_16","wc2.1_30s_bio_17","wc2.1_30s_bio_18","wc2.1_30s_bio_19","wc2.1_30s_bio_2","wc2.1_30s_bio_3","wc2.1_30s_bio_4","wc2.1_30s_bio_5","wc2.1_30s_bio_6","wc2.1_30s_bio_7","wc2.1_30s_bio_8","wc2.1_30s_bio_9"
"1",26.9333324432373,27.9500007629395,25.5499992370605,1027,236,5,106.112640380859,588,15,338,15,10,72.4637603759766,98.0800552368164,33.4000015258789,19.6000003814697,13.8000011444092,27.6666660308838,25.5499992370605
"2",26.9333324432373,27.9500007629395,25.5499992370605,1027,236,5,106.112640380859,588,15,338,15,10,72.4637603759766,98.0800552368164,33.4000015258789,19.6000003814697,13.8000011444092,27.6666660308838,25.5499992370605
"3",26.9333324432373,27.9500007629395,25.5499992370605,1027,236,5,106.112640380859,588,15,338,15,10,72.4637603759766,98.0800552368164,33.4000015258789,19.6000003814697,13.8000011444092,27.6666660308838,25.5499992370605
