"","wc2.1_30s_bio_1","wc2.1_30s_bio_10","wc2.1_30s_bio_11","wc2.1_30s_bio_12","wc2.1_30s_bio_13","wc2.1_30s_bio_14","wc2.1_30s_bio_15","wc2.1_30s_bio_16","wc2.1_30s_bio_17","wc2.1_30s_bio_18","wc2.1_30s_bio_19","wc2.1_30s_bio_2","wc2.1_30s_bio_3","wc2.1_30s_bio_4","wc2.1_30s_bio_5","wc2.1_30s_bio_6","wc2.1_30s_bio_7","wc2.1_30s_bio_8","wc2.1_30s_bio_9"
"1",16.408332824707,17.1833343505859,15.7333335876465,1597,248,32,50.1718711853027,634,200,364,315,9.39999961853027,73.4375,69.7995071411133,23.1000003814697,10.3000001907349,12.8000001907349,16.1833343505859,16.0499992370605
"2",16.75,17.5166664123535,16.1000003814697,1567,251,41,50.8790588378906,614,209,351,337,9.44999980926514,73.828125,69.3803787231445,23.5,10.6999998092651,12.8000001907349,16.533332824707,16.3999996185303
"3",16.408332824707,17.1833343505859,15.7333335876465,1597,248,32,50.1718711853027,634,200,364,315,9.39999961853027,73.4375,69.7995071411133,23.1000003814697,10.3000001907349,12.8000001907349,16.1833343505859,16.0499992370605
