"","wc2.1_30s_bio_1","wc2.1_30s_bio_10","wc2.1_30s_bio_11","wc2.1_30s_bio_12","wc2.1_30s_bio_13","wc2.1_30s_bio_14","wc2.1_30s_bio_15","wc2.1_30s_bio_16","wc2.1_30s_bio_17","wc2.1_30s_bio_18","wc2.1_30s_bio_19","wc2.1_30s_bio_2","wc2.1_30s_bio_3","wc2.1_30s_bio_4","wc2.1_30s_bio_5","wc2.1_30s_bio_6","wc2.1_30s_bio_7","wc2.1_30s_bio_8","wc2.1_30s_bio_9"
"1",20.8875007629395,22.3166656494141,19.216667175293,2042,224,94,26.3176898956299,649,335,572,339,6.62499952316284,65.5940628051758,130.9775390625,25.7999992370605,15.6999998092651,10.0999994277954,21.8333320617676,19.5499992370605
"2",22.5750007629395,24.0499992370605,20.8500003814697,2138,224,99,25.0398654937744,661,344,598,366,7.23333311080933,66.9753112792969,134.612228393555,27.7999992370605,17,10.7999992370605,23.4333324432373,21.2333335876465
