"","wc2.1_30s_bio_1","wc2.1_30s_bio_10","wc2.1_30s_bio_11","wc2.1_30s_bio_12","wc2.1_30s_bio_13","wc2.1_30s_bio_14","wc2.1_30s_bio_15","wc2.1_30s_bio_16","wc2.1_30s_bio_17","wc2.1_30s_bio_18","wc2.1_30s_bio_19","wc2.1_30s_bio_2","wc2.1_30s_bio_3","wc2.1_30s_bio_4","wc2.1_30s_bio_5","wc2.1_30s_bio_6","wc2.1_30s_bio_7","wc2.1_30s_bio_8","wc2.1_30s_bio_9"
"1",22.3541660308838,23.4166660308838,21.0666675567627,1781,307,56,50.0245208740234,682,209,468,246,8.69166660308838,73.6581954956055,97.1282577514648,28,16.2000007629395,11.7999992370605,22.9333324432373,21.1000003814697
