"","wc2.1_30s_bio_1","wc2.1_30s_bio_10","wc2.1_30s_bio_11","wc2.1_30s_bio_12","wc2.1_30s_bio_13","wc2.1_30s_bio_14","wc2.1_30s_bio_15","wc2.1_30s_bio_16","wc2.1_30s_bio_17","wc2.1_30s_bio_18","wc2.1_30s_bio_19","wc2.1_30s_bio_2","wc2.1_30s_bio_3","wc2.1_30s_bio_4","wc2.1_30s_bio_5","wc2.1_30s_bio_6","wc2.1_30s_bio_7","wc2.1_30s_bio_8","wc2.1_30s_bio_9"
"1",15.591667175293,15.9499998092651,15.3666667938232,1942,310,30,64.7830047607422,912,160,790,346,8.70000076293945,91.5789413452148,23.9158935546875,20.2000007629395,10.6999998092651,9.50000095367432,15.8333339691162,15.5666666030884
"2",16.3374996185303,16.7000007629395,16.1166667938232,2209,353,39,65.2060394287109,1034,195,897,572,8.64166641235352,91.9326248168945,23.5608463287354,20.8999996185303,11.5,9.39999961853027,16.5833339691162,16.2333335876465
