"","wc2.1_30s_bio_1","wc2.1_30s_bio_10","wc2.1_30s_bio_11","wc2.1_30s_bio_12","wc2.1_30s_bio_13","wc2.1_30s_bio_14","wc2.1_30s_bio_15","wc2.1_30s_bio_16","wc2.1_30s_bio_17","wc2.1_30s_bio_18","wc2.1_30s_bio_19","wc2.1_30s_bio_2","wc2.1_30s_bio_3","wc2.1_30s_bio_4","wc2.1_30s_bio_5","wc2.1_30s_bio_6","wc2.1_30s_bio_7","wc2.1_30s_bio_8","wc2.1_30s_bio_9"
"1",26.0625,27.1000003814697,25.1499996185303,2947,317,100,26.6226711273193,899,469,682,727,8.69166660308838,77.6041717529297,77.5805892944336,31.8999996185303,20.7000007629395,11.1999988555908,26.6000003814697,26.7000007629395
"2",26.0625,27.1000003814697,25.1499996185303,2947,317,100,26.6226711273193,899,469,682,727,8.69166660308838,77.6041717529297,77.5805892944336,31.8999996185303,20.7000007629395,11.1999988555908,26.6000003814697,26.7000007629395
