"","wc2.1_30s_bio_1","wc2.1_30s_bio_10","wc2.1_30s_bio_11","wc2.1_30s_bio_12","wc2.1_30s_bio_13","wc2.1_30s_bio_14","wc2.1_30s_bio_15","wc2.1_30s_bio_16","wc2.1_30s_bio_17","wc2.1_30s_bio_18","wc2.1_30s_bio_19","wc2.1_30s_bio_2","wc2.1_30s_bio_3","wc2.1_30s_bio_4","wc2.1_30s_bio_5","wc2.1_30s_bio_6","wc2.1_30s_bio_7","wc2.1_30s_bio_8","wc2.1_30s_bio_9"
"1",20.3166675567627,21.2666664123535,19.1000003814697,1460,294,9,95.7627868652344,773,32,473,32,11.7166662216187,77.0833358764648,88.7369232177734,27.3999996185303,12.1999998092651,15.1999998092651,20.7999992370605,19.1000003814697
"2",20.3166675567627,21.2666664123535,19.1000003814697,1460,294,9,95.7627868652344,773,32,473,32,11.7166662216187,77.0833358764648,88.7369232177734,27.3999996185303,12.1999998092651,15.1999998092651,20.7999992370605,19.1000003814697
"3",18.75,19.8166656494141,17.4833335876465,1271,264,8,95.8458938598633,695,34,412,34,11.3500003814697,76.1744995117188,95.5843048095703,25.7999992370605,10.8999996185303,14.8999996185303,19.3666667938232,17.966667175293
