"","wc2.1_30s_bio_1","wc2.1_30s_bio_10","wc2.1_30s_bio_11","wc2.1_30s_bio_12","wc2.1_30s_bio_13","wc2.1_30s_bio_14","wc2.1_30s_bio_15","wc2.1_30s_bio_16","wc2.1_30s_bio_17","wc2.1_30s_bio_18","wc2.1_30s_bio_19","wc2.1_30s_bio_2","wc2.1_30s_bio_3","wc2.1_30s_bio_4","wc2.1_30s_bio_5","wc2.1_30s_bio_6","wc2.1_30s_bio_7","wc2.1_30s_bio_8","wc2.1_30s_bio_9"
"1",27.0874996185303,27.8166656494141,26.1666679382324,1626,283,28,57.3588981628418,692,118,476,294,4.24166679382324,71.8926620483398,68.726203918457,29.8999996185303,24,5.89999961853027,27.1999988555908,26.6166667938232
"2",27.0083332061768,27.75,26.0666656494141,1606,281,27,57.4387359619141,692,120,477,263,4.25,70.8333282470703,69.8971099853516,29.8999996185303,23.8999996185303,6,27.1166667938232,26.533332824707
"3",27.1625003814697,27.8833332061768,26.25,1604,279,27,58.0110206604004,693,115,398,286,4.29166698455811,70.3551864624023,68.2616882324219,30.1000003814697,24,6.10000038146973,27.25,26.716667175293
