"","wc2.1_30s_bio_1","wc2.1_30s_bio_10","wc2.1_30s_bio_11","wc2.1_30s_bio_12","wc2.1_30s_bio_13","wc2.1_30s_bio_14","wc2.1_30s_bio_15","wc2.1_30s_bio_16","wc2.1_30s_bio_17","wc2.1_30s_bio_18","wc2.1_30s_bio_19","wc2.1_30s_bio_2","wc2.1_30s_bio_3","wc2.1_30s_bio_4","wc2.1_30s_bio_5","wc2.1_30s_bio_6","wc2.1_30s_bio_7","wc2.1_30s_bio_8","wc2.1_30s_bio_9"
"1",14.6958332061768,15.9333333969116,13.1999998092651,1687,311,30,64.3485260009766,712,99,553,99,10.375,73.5815582275391,111.91429901123,21,6.90000009536743,14.1000003814697,15.8333339691162,13.1999998092651
"2",16.3999996185303,17.716667175293,14.7666664123535,1596,282,25,64.3280258178711,674,86,534,86,10.5,72.9166717529297,119.848388671875,22.8999996185303,8.5,14.3999996185303,17.5666656494141,14.7666664123535
