"","wc2.1_30s_bio_1","wc2.1_30s_bio_10","wc2.1_30s_bio_11","wc2.1_30s_bio_12","wc2.1_30s_bio_13","wc2.1_30s_bio_14","wc2.1_30s_bio_15","wc2.1_30s_bio_16","wc2.1_30s_bio_17","wc2.1_30s_bio_18","wc2.1_30s_bio_19","wc2.1_30s_bio_2","wc2.1_30s_bio_3","wc2.1_30s_bio_4","wc2.1_30s_bio_5","wc2.1_30s_bio_6","wc2.1_30s_bio_7","wc2.1_30s_bio_8","wc2.1_30s_bio_9"
"1",27.029167175293,27.6166667938232,26.0499992370605,1157,180,20,56.0275230407715,507,98,371,155,8.69166660308838,80.4783935546875,66.7920227050781,32.0999984741211,21.2999992370605,10.7999992370605,27.3333339691162,26.6666660308838
"2",27.7000007629395,28.5,27.1333332061768,1492,246,10,75.3551406860352,709,33,121,673,9.88333320617676,76.0256500244141,56.3672866821289,34.5999984741211,21.6000003814697,12.9999980926514,27.3166656494141,28.1833324432373
"3",27.341667175293,28.8999996185303,25.8666667938232,2503,443,22,77.6881484985352,1284,97,97,1284,9.98333263397217,72.8710403442383,123.026824951172,35.2000007629395,21.5,13.7000007629395,25.8666667938232,28.8999996185303
"4",23.6000003814697,23.8333339691162,23.2333335876465,2900,360,179,27.8408756256104,1021,552,557,908,10.3000001907349,91.9642944335938,26.2851505279541,29.3999996185303,18.2000007629395,11.1999988555908,23.25,23.8333320617676
"5",26.2374992370605,26.8333339691162,25.5833339691162,2381,305,83,39.4970474243164,870,302,607,316,7.65833282470703,78.9518966674805,50.8618850708008,31.2999992370605,21.6000003814697,9.69999885559082,26.2333335876465,25.9500007629395
