"","wc2.1_30s_bio_1","wc2.1_30s_bio_10","wc2.1_30s_bio_11","wc2.1_30s_bio_12","wc2.1_30s_bio_13","wc2.1_30s_bio_14","wc2.1_30s_bio_15","wc2.1_30s_bio_16","wc2.1_30s_bio_17","wc2.1_30s_bio_18","wc2.1_30s_bio_19","wc2.1_30s_bio_2","wc2.1_30s_bio_3","wc2.1_30s_bio_4","wc2.1_30s_bio_5","wc2.1_30s_bio_6","wc2.1_30s_bio_7","wc2.1_30s_bio_8","wc2.1_30s_bio_9"
"1",19.2458343505859,19.6833343505859,18.9166660308838,2476,395,50,65.3235855102539,1145,198,1031,433,8.29166698455811,90.126823425293,30.4853363037109,23.7999992370605,14.6000003814697,9.19999885559082,19.5666656494141,19.1166667938232
"2",20.0458335876465,20.533332824707,19.7000007629395,2675,438,51,67.6068420410156,1262,198,1132,460,8.20833301544189,88.2616348266602,33.6734619140625,24.7000007629395,15.3999996185303,9.30000114440918,20.4333343505859,19.8833332061768
"3",18.1000003814697,18.4833335876465,17.8333339691162,2402,368,57,58.6458930969238,1074,247,971,419,8.5,90.4255294799805,26.3714790344238,22.7000007629395,13.3000001907349,9.40000057220459,18.3500003814697,18
"4",18.1000003814697,18.4833335876465,17.8333339691162,2402,368,57,58.6458930969238,1074,247,971,419,8.5,90.4255294799805,26.3714790344238,22.7000007629395,13.3000001907349,9.40000057220459,18.3500003814697,18
"5",18.1000003814697,18.4833335876465,17.8333339691162,2402,368,57,58.6458930969238,1074,247,971,419,8.5,90.4255294799805,26.3714790344238,22.7000007629395,13.3000001907349,9.40000057220459,18.3500003814697,18
"6",19.4624996185303,19.9166660308838,19.1333332061768,2459,396,49,65.9218368530273,1143,190,1028,431,8.375,89.0957412719727,31.1976833343506,24.1000003814697,14.6999998092651,9.40000057220459,19.7999992370605,19.3333320617676
