"","wc2.1_30s_bio_1","wc2.1_30s_bio_10","wc2.1_30s_bio_11","wc2.1_30s_bio_12","wc2.1_30s_bio_13","wc2.1_30s_bio_14","wc2.1_30s_bio_15","wc2.1_30s_bio_16","wc2.1_30s_bio_17","wc2.1_30s_bio_18","wc2.1_30s_bio_19","wc2.1_30s_bio_2","wc2.1_30s_bio_3","wc2.1_30s_bio_4","wc2.1_30s_bio_5","wc2.1_30s_bio_6","wc2.1_30s_bio_7","wc2.1_30s_bio_8","wc2.1_30s_bio_9"
"1",17.1708335876465,18.5499992370605,15.8666667938232,1101,205,11,88.8093795776367,580,37,335,57,11.1916666030884,73.6293869018555,106.161514282227,24.8999996185303,9.69999980926514,15.1999998092651,17.5499992370605,16.75
"2",17.1708335876465,18.5499992370605,15.8666667938232,1101,205,11,88.8093795776367,580,37,335,57,11.1916666030884,73.6293869018555,106.161514282227,24.8999996185303,9.69999980926514,15.1999998092651,17.5499992370605,16.75
