"","wc2.1_30s_bio_1","wc2.1_30s_bio_10","wc2.1_30s_bio_11","wc2.1_30s_bio_12","wc2.1_30s_bio_13","wc2.1_30s_bio_14","wc2.1_30s_bio_15","wc2.1_30s_bio_16","wc2.1_30s_bio_17","wc2.1_30s_bio_18","wc2.1_30s_bio_19","wc2.1_30s_bio_2","wc2.1_30s_bio_3","wc2.1_30s_bio_4","wc2.1_30s_bio_5","wc2.1_30s_bio_6","wc2.1_30s_bio_7","wc2.1_30s_bio_8","wc2.1_30s_bio_9"
"1",23.0583324432373,24.5,21.3666667938232,1886,379,53,61.7030296325684,768,173,518,173,9.65000057220459,70.4379577636719,127.472511291504,29.3999996185303,15.6999998092651,13.6999998092651,24.2333335876465,21.3666667938232
"2",23.0583324432373,24.5,21.3666667938232,1886,379,53,61.7030296325684,768,173,518,173,9.65000057220459,70.4379577636719,127.472511291504,29.3999996185303,15.6999998092651,13.6999998092651,24.2333335876465,21.3666667938232
