"","wc2.1_30s_bio_1","wc2.1_30s_bio_10","wc2.1_30s_bio_11","wc2.1_30s_bio_12","wc2.1_30s_bio_13","wc2.1_30s_bio_14","wc2.1_30s_bio_15","wc2.1_30s_bio_16","wc2.1_30s_bio_17","wc2.1_30s_bio_18","wc2.1_30s_bio_19","wc2.1_30s_bio_2","wc2.1_30s_bio_3","wc2.1_30s_bio_4","wc2.1_30s_bio_5","wc2.1_30s_bio_6","wc2.1_30s_bio_7","wc2.1_30s_bio_8","wc2.1_30s_bio_9"
"1",23.1833324432373,24.3833332061768,21.75,1273,155,55,30.9351272583008,446,194,374,214,6.13333368301392,66.6666641235352,109.634368896484,27.6000003814697,18.3999996185303,9.20000076293945,23.9333343505859,22.0833339691162
"2",24.0166664123535,25.25,22.5166664123535,1203,150,51,32.1174087524414,426,177,356,201,6.08333301544189,66.1231918334961,113.964363098145,28.3999996185303,19.2000007629395,9.19999885559082,24.716667175293,22.9166679382324
"3",25.5874996185303,26.9166660308838,24.033332824707,1076,140,45,36.0546417236328,398,152,337,162,6.04166650772095,65.6702880859375,121.058326721191,30,20.7999992370605,9.20000076293945,26.25,24.466667175293
