"","wc2.1_30s_bio_1","wc2.1_30s_bio_10","wc2.1_30s_bio_11","wc2.1_30s_bio_12","wc2.1_30s_bio_13","wc2.1_30s_bio_14","wc2.1_30s_bio_15","wc2.1_30s_bio_16","wc2.1_30s_bio_17","wc2.1_30s_bio_18","wc2.1_30s_bio_19","wc2.1_30s_bio_2","wc2.1_30s_bio_3","wc2.1_30s_bio_4","wc2.1_30s_bio_5","wc2.1_30s_bio_6","wc2.1_30s_bio_7","wc2.1_30s_bio_8","wc2.1_30s_bio_9"
"1",7.66666650772095,9.03333282470703,6.01666641235352,1983,317,28,60.8447265625,798,117,653,117,9.66666698455811,71.0784301757812,125.05150604248,13.6999998092651,0.100000001490116,13.5999994277954,8.96666622161865,6.01666641235352
"2",9.00833320617676,10.4166669845581,7.30000019073486,1879,295,30,59.186092376709,749,124,614,124,9.48333358764648,70.7711410522461,129.207962036133,15.1000003814697,1.70000004768372,13.4000005722046,10.3333339691162,7.30000019073486
