"","wc2.1_30s_bio_1","wc2.1_30s_bio_10","wc2.1_30s_bio_11","wc2.1_30s_bio_12","wc2.1_30s_bio_13","wc2.1_30s_bio_14","wc2.1_30s_bio_15","wc2.1_30s_bio_16","wc2.1_30s_bio_17","wc2.1_30s_bio_18","wc2.1_30s_bio_19","wc2.1_30s_bio_2","wc2.1_30s_bio_3","wc2.1_30s_bio_4","wc2.1_30s_bio_5","wc2.1_30s_bio_6","wc2.1_30s_bio_7","wc2.1_30s_bio_8","wc2.1_30s_bio_9"
"1",24.7958335876465,27.966667175293,21.3999996185303,1282,196,43,57.0262298583984,524,137,487,137,7.54166698455811,50.2777786254883,271.623565673828,32.2000007629395,17.2000007629395,15,27.283332824707,21.3999996185303
"2",24.8083343505859,27.9833335876465,21.4333343505859,1278,195,41,57.3358421325684,524,134,487,134,7.50000047683716,50.3355674743652,271.073913574219,32.2000007629395,17.2999992370605,14.9000015258789,27.283332824707,21.4333343505859
