"","wc2.1_30s_bio_1","wc2.1_30s_bio_10","wc2.1_30s_bio_11","wc2.1_30s_bio_12","wc2.1_30s_bio_13","wc2.1_30s_bio_14","wc2.1_30s_bio_15","wc2.1_30s_bio_16","wc2.1_30s_bio_17","wc2.1_30s_bio_18","wc2.1_30s_bio_19","wc2.1_30s_bio_2","wc2.1_30s_bio_3","wc2.1_30s_bio_4","wc2.1_30s_bio_5","wc2.1_30s_bio_6","wc2.1_30s_bio_7","wc2.1_30s_bio_8","wc2.1_30s_bio_9"
"1",25.8999996185303,26.9333343505859,24.4833335876465,855,189,4,106.95384979248,493,14,394,15,11.9333324432373,77.4891738891602,101.93579864502,32.7999992370605,17.3999996185303,15.3999996185303,26.716667175293,24.5499992370605
"2",25.9125003814697,26.966667175293,24.5166664123535,871,194,4,107.55339050293,505,14,393,14,12.2083330154419,77.267936706543,101.087852478027,33,17.2000007629395,15.7999992370605,26.533332824707,24.5833339691162
