"","wc2.1_30s_bio_1","wc2.1_30s_bio_10","wc2.1_30s_bio_11","wc2.1_30s_bio_12","wc2.1_30s_bio_13","wc2.1_30s_bio_14","wc2.1_30s_bio_15","wc2.1_30s_bio_16","wc2.1_30s_bio_17","wc2.1_30s_bio_18","wc2.1_30s_bio_19","wc2.1_30s_bio_2","wc2.1_30s_bio_3","wc2.1_30s_bio_4","wc2.1_30s_bio_5","wc2.1_30s_bio_6","wc2.1_30s_bio_7","wc2.1_30s_bio_8","wc2.1_30s_bio_9"
"1",22.0249996185303,22.283332824707,21.6000003814697,2294,288,59,37.9517669677734,767,272,767,703,9.58333301544189,89.5638580322266,29.8100128173828,27.5,16.7999992370605,10.7000007629395,22.283332824707,22.1666660308838
"2",22.0249996185303,22.283332824707,21.6000003814697,2294,288,59,37.9517669677734,767,272,767,703,9.58333301544189,89.5638580322266,29.8100128173828,27.5,16.7999992370605,10.7000007629395,22.283332824707,22.1666660308838
