"","wc2.1_30s_bio_1","wc2.1_30s_bio_10","wc2.1_30s_bio_11","wc2.1_30s_bio_12","wc2.1_30s_bio_13","wc2.1_30s_bio_14","wc2.1_30s_bio_15","wc2.1_30s_bio_16","wc2.1_30s_bio_17","wc2.1_30s_bio_18","wc2.1_30s_bio_19","wc2.1_30s_bio_2","wc2.1_30s_bio_3","wc2.1_30s_bio_4","wc2.1_30s_bio_5","wc2.1_30s_bio_6","wc2.1_30s_bio_7","wc2.1_30s_bio_8","wc2.1_30s_bio_9"
"1",24.6124992370605,25.1499996185303,23.7333335876465,1939,273,59,49.5617256164551,779,201,590,201,10.7583332061768,83.3979339599609,61.4641532897949,30.7999992370605,17.8999996185303,12.8999996185303,24.9500007629395,23.7333335876465
"2",24.6124992370605,25.1499996185303,23.7333335876465,1939,273,59,49.5617256164551,779,201,590,201,10.7583332061768,83.3979339599609,61.4641532897949,30.7999992370605,17.8999996185303,12.8999996185303,24.9500007629395,23.7333335876465
