"","wc2.1_30s_bio_1","wc2.1_30s_bio_10","wc2.1_30s_bio_11","wc2.1_30s_bio_12","wc2.1_30s_bio_13","wc2.1_30s_bio_14","wc2.1_30s_bio_15","wc2.1_30s_bio_16","wc2.1_30s_bio_17","wc2.1_30s_bio_18","wc2.1_30s_bio_19","wc2.1_30s_bio_2","wc2.1_30s_bio_3","wc2.1_30s_bio_4","wc2.1_30s_bio_5","wc2.1_30s_bio_6","wc2.1_30s_bio_7","wc2.1_30s_bio_8","wc2.1_30s_bio_9"
"1",22.7916660308838,23.9166660308838,21.533332824707,1418,251,16,76.6091461181641,629,72,419,91,9.46666717529297,70.6467666625977,95.4137573242188,29.6000003814697,16.2000007629395,13.3999996185303,23.1833343505859,22.0833339691162
"2",22.7666664123535,23.9166660308838,21.5,1402,248,16,74.5271453857422,617,74,414,93,9.56666660308838,70.8641967773438,96.5385589599609,29.7000007629395,16.2000007629395,13.5,23.1333332061768,22.0666656494141
