"","wc2.1_30s_bio_1","wc2.1_30s_bio_10","wc2.1_30s_bio_11","wc2.1_30s_bio_12","wc2.1_30s_bio_13","wc2.1_30s_bio_14","wc2.1_30s_bio_15","wc2.1_30s_bio_16","wc2.1_30s_bio_17","wc2.1_30s_bio_18","wc2.1_30s_bio_19","wc2.1_30s_bio_2","wc2.1_30s_bio_3","wc2.1_30s_bio_4","wc2.1_30s_bio_5","wc2.1_30s_bio_6","wc2.1_30s_bio_7","wc2.1_30s_bio_8","wc2.1_30s_bio_9"
"1",17.1416664123535,17.3333339691162,16.7666664123535,1656,186,80,25.0233383178711,526,269,468,506,9.23333358764648,87.1069259643555,24.1051998138428,22.2999992370605,11.6999998092651,10.5999994277954,16.9333343505859,17.1833343505859
"2",13.2333335876465,13.5833330154419,12.5,1419,180,86,23.3466358184814,457,273,304,445,9.16666698455811,85.6697845458984,48.8659210205078,18.2999992370605,7.59999990463257,10.6999988555908,12.8500003814697,13.4499998092651
