"","wc2.1_30s_bio_1","wc2.1_30s_bio_10","wc2.1_30s_bio_11","wc2.1_30s_bio_12","wc2.1_30s_bio_13","wc2.1_30s_bio_14","wc2.1_30s_bio_15","wc2.1_30s_bio_16","wc2.1_30s_bio_17","wc2.1_30s_bio_18","wc2.1_30s_bio_19","wc2.1_30s_bio_2","wc2.1_30s_bio_3","wc2.1_30s_bio_4","wc2.1_30s_bio_5","wc2.1_30s_bio_6","wc2.1_30s_bio_7","wc2.1_30s_bio_8","wc2.1_30s_bio_9"
"1",25.466667175293,26.7666664123535,23.716667175293,2279,336,69,45.434757232666,894,239,491,433,9.16666698455811,69.9745559692383,123.220680236816,32,18.8999996185303,13.1000003814697,26.2333335876465,25.3333339691162
"2",25.466667175293,26.7666664123535,23.716667175293,2279,336,69,45.434757232666,894,239,491,433,9.16666698455811,69.9745559692383,123.220680236816,32,18.8999996185303,13.1000003814697,26.2333335876465,25.3333339691162
"3",25.8500003814697,27.1666679382324,24.0666656494141,2337,345,69,45.2368278503418,909,245,491,454,9.08333396911621,69.3384094238281,125.589530944824,32.4000015258789,19.2999992370605,13.1000022888184,26.6499996185303,25.716667175293
"4",25.8500003814697,27.1666679382324,24.0666656494141,2337,345,69,45.2368278503418,909,245,491,454,9.08333396911621,69.3384094238281,125.589530944824,32.4000015258789,19.2999992370605,13.1000022888184,26.6499996185303,25.716667175293
