"","wc2.1_30s_bio_1","wc2.1_30s_bio_10","wc2.1_30s_bio_11","wc2.1_30s_bio_12","wc2.1_30s_bio_13","wc2.1_30s_bio_14","wc2.1_30s_bio_15","wc2.1_30s_bio_16","wc2.1_30s_bio_17","wc2.1_30s_bio_18","wc2.1_30s_bio_19","wc2.1_30s_bio_2","wc2.1_30s_bio_3","wc2.1_30s_bio_4","wc2.1_30s_bio_5","wc2.1_30s_bio_6","wc2.1_30s_bio_7","wc2.1_30s_bio_8","wc2.1_30s_bio_9"
"1",22.9750003814697,23.8833332061768,21.6499996185303,1357,211,14,68.3500823974609,557,57,514,57,10.6833333969116,76.858512878418,91.7382659912109,29.2999992370605,15.3999996185303,13.8999996185303,23.7333335876465,21.6499996185303
"2",23.5666675567627,24.5833320617676,22.1499996185303,1248,198,13,69.4187698364258,520,51,471,51,11.0666666030884,76.3218460083008,99.0714340209961,30.2999992370605,15.8000001907349,14.4999990463257,24.3500003814697,22.1499996185303
