"","wc2.1_30s_bio_1","wc2.1_30s_bio_10","wc2.1_30s_bio_11","wc2.1_30s_bio_12","wc2.1_30s_bio_13","wc2.1_30s_bio_14","wc2.1_30s_bio_15","wc2.1_30s_bio_16","wc2.1_30s_bio_17","wc2.1_30s_bio_18","wc2.1_30s_bio_19","wc2.1_30s_bio_2","wc2.1_30s_bio_3","wc2.1_30s_bio_4","wc2.1_30s_bio_5","wc2.1_30s_bio_6","wc2.1_30s_bio_7","wc2.1_30s_bio_8","wc2.1_30s_bio_9"
"1",20.6749992370605,21.7000007629395,19.4833335876465,1551,265,22,74.7677612304688,707,86,449,106,9.64999961853027,71.4814758300781,89.175537109375,27.5,14,13.5,20.9500007629395,20.7666664123535
"2",19.0208339691162,20.033332824707,17.6499996185303,1601,259,24,70.1870880126953,699,98,465,120,9.34166622161865,70.7702026367188,97.6184234619141,25.5,12.3000001907349,13.1999998092651,19.5166664123535,18.8999996185303
"3",19.341667175293,20.3333339691162,17.9833335876465,1659,265,24,69.1276016235352,702,97,460,141,9.28333377838135,71.4102554321289,96.5032653808594,25.7000007629395,12.6999998092651,13.0000009536743,19.8333339691162,19.216667175293
"4",19.341667175293,20.3333339691162,17.9833335876465,1659,265,24,69.1276016235352,702,97,460,141,9.28333377838135,71.4102554321289,96.5032653808594,25.7000007629395,12.6999998092651,13.0000009536743,19.8333339691162,19.216667175293
