"","wc2.1_30s_bio_1","wc2.1_30s_bio_10","wc2.1_30s_bio_11","wc2.1_30s_bio_12","wc2.1_30s_bio_13","wc2.1_30s_bio_14","wc2.1_30s_bio_15","wc2.1_30s_bio_16","wc2.1_30s_bio_17","wc2.1_30s_bio_18","wc2.1_30s_bio_19","wc2.1_30s_bio_2","wc2.1_30s_bio_3","wc2.1_30s_bio_4","wc2.1_30s_bio_5","wc2.1_30s_bio_6","wc2.1_30s_bio_7","wc2.1_30s_bio_8","wc2.1_30s_bio_9"
"1",17.6916656494141,19.6333332061768,15.283332824707,1353,215,18,65.4835052490234,551,73,427,112,10.1166667938232,64.4373626708984,177.672241210938,25.6000003814697,9.89999961853027,15.7000007629395,18.3333339691162,16.3666667938232
"2",17.6916656494141,19.6333332061768,15.283332824707,1353,215,18,65.4835052490234,551,73,427,112,10.1166667938232,64.4373626708984,177.672241210938,25.6000003814697,9.89999961853027,15.7000007629395,18.3333339691162,16.3666667938232
"3",17.6916656494141,19.6333332061768,15.283332824707,1353,215,18,65.4835052490234,551,73,427,112,10.1166667938232,64.4373626708984,177.672241210938,25.6000003814697,9.89999961853027,15.7000007629395,18.3333339691162,16.3666667938232
"4",17.6916656494141,19.6333332061768,15.283332824707,1353,215,18,65.4835052490234,551,73,427,112,10.1166667938232,64.4373626708984,177.672241210938,25.6000003814697,9.89999961853027,15.7000007629395,18.3333339691162,16.3666667938232
