"","wc2.1_30s_bio_1","wc2.1_30s_bio_10","wc2.1_30s_bio_11","wc2.1_30s_bio_12","wc2.1_30s_bio_13","wc2.1_30s_bio_14","wc2.1_30s_bio_15","wc2.1_30s_bio_16","wc2.1_30s_bio_17","wc2.1_30s_bio_18","wc2.1_30s_bio_19","wc2.1_30s_bio_2","wc2.1_30s_bio_3","wc2.1_30s_bio_4","wc2.1_30s_bio_5","wc2.1_30s_bio_6","wc2.1_30s_bio_7","wc2.1_30s_bio_8","wc2.1_30s_bio_9"
"1",20.783332824707,21.3333339691162,20.1499996185303,2842,354,77,39.7047576904297,990,333,656,739,8.59999942779541,86.8686904907227,49.9241752624512,25.8999996185303,16,9.89999961853027,20.6000003814697,20.783332824707
"2",20.4500007629395,21,19.8666667938232,2871,363,62,43.3700752258301,1031,310,744,688,8.44999980926514,87.1134033203125,47.2421340942383,25.3999996185303,15.6999998092651,9.69999980926514,20.2333335876465,20.466667175293
"3",19.841667175293,20.4166660308838,19.2666664123535,2848,364,76,41.1116142272949,1023,325,691,763,8.55000019073486,88.1443405151367,47.0895156860352,24.7999992370605,15.1000003814697,9.69999885559082,19.6000003814697,19.8833332061768
"4",19.9791660308838,20.5166664123535,19.4166660308838,2830,381,84,43.0444831848145,1039,296,690,838,8.55833339691162,87.3299331665039,46.7322311401367,25,15.1999998092651,9.80000019073486,19.7666664123535,19.9833335876465
"5",20.3125,20.8666667938232,19.7000007629395,2965,391,60,42.3150482177734,1022,289,713,859,8.54166698455811,86.2794647216797,49.5490875244141,25.3999996185303,15.5,9.89999961853027,20.1166667938232,20.3166656494141
