"","wc2.1_30s_bio_1","wc2.1_30s_bio_10","wc2.1_30s_bio_11","wc2.1_30s_bio_12","wc2.1_30s_bio_13","wc2.1_30s_bio_14","wc2.1_30s_bio_15","wc2.1_30s_bio_16","wc2.1_30s_bio_17","wc2.1_30s_bio_18","wc2.1_30s_bio_19","wc2.1_30s_bio_2","wc2.1_30s_bio_3","wc2.1_30s_bio_4","wc2.1_30s_bio_5","wc2.1_30s_bio_6","wc2.1_30s_bio_7","wc2.1_30s_bio_8","wc2.1_30s_bio_9"
"1",25.1791667938232,26.8833332061768,23.1666660308838,1057,167,32,51.567024230957,410,117,327,117,9.19166660308838,67.5857849121094,152.992233276367,31.6000003814697,18,13.6000003814697,26.5833320617676,23.1666660308838
"2",25.5874996185303,27.2666664123535,23.5833339691162,984,157,32,50.9946708679199,381,111,299,111,9.15833282470703,67.3406829833984,151.434432983398,32,18.3999996185303,13.6000003814697,26.966667175293,23.5833339691162
"3",22.9916667938232,24.8166656494141,20.966667175293,1447,220,41,52.6077766418457,549,132,474,132,8.28333377838135,63.2315635681152,156.841445922852,29.2999992370605,16.2000007629395,13.0999984741211,24.1499996185303,20.966667175293
