"","wc2.1_30s_bio_1","wc2.1_30s_bio_10","wc2.1_30s_bio_11","wc2.1_30s_bio_12","wc2.1_30s_bio_13","wc2.1_30s_bio_14","wc2.1_30s_bio_15","wc2.1_30s_bio_16","wc2.1_30s_bio_17","wc2.1_30s_bio_18","wc2.1_30s_bio_19","wc2.1_30s_bio_2","wc2.1_30s_bio_3","wc2.1_30s_bio_4","wc2.1_30s_bio_5","wc2.1_30s_bio_6","wc2.1_30s_bio_7","wc2.1_30s_bio_8","wc2.1_30s_bio_9"
"1",20.5041656494141,22.7333335876465,17.783332824707,1589,239,25,65.8537445068359,650,102,613,102,8.59166717529297,60.0815811157227,205.39826965332,27.2000007629395,12.8999996185303,14.3000011444092,22.2666664123535,17.783332824707
"2",20.6916675567627,22.9166660308838,17.966667175293,1575,237,23,66.1568756103516,645,100,610,100,8.61666679382324,60.2564125061035,205.225296020508,27.3999996185303,13.1000003814697,14.2999992370605,22.4500007629395,17.966667175293
"3",20.9791660308838,23.25,18.2000007629395,1563,236,25,65.7971725463867,640,102,603,102,8.65833282470703,59.712646484375,209.517379760742,27.7999992370605,13.3000001907349,14.4999990463257,22.783332824707,18.2000007629395
"4",22.375,24.6000003814697,19.6833343505859,1472,225,20,66.7543106079102,596,90,581,90,9.01666641235352,61.3378715515137,203.67643737793,29.2999992370605,14.6000003814697,14.6999988555908,24.0833339691162,19.6833343505859
