"","wc2.1_30s_bio_1","wc2.1_30s_bio_10","wc2.1_30s_bio_11","wc2.1_30s_bio_12","wc2.1_30s_bio_13","wc2.1_30s_bio_14","wc2.1_30s_bio_15","wc2.1_30s_bio_16","wc2.1_30s_bio_17","wc2.1_30s_bio_18","wc2.1_30s_bio_19","wc2.1_30s_bio_2","wc2.1_30s_bio_3","wc2.1_30s_bio_4","wc2.1_30s_bio_5","wc2.1_30s_bio_6","wc2.1_30s_bio_7","wc2.1_30s_bio_8","wc2.1_30s_bio_9"
"1",24.0166664123535,25.7333335876465,22.0833339691162,1350,219,26,61.0882415771484,545,93,411,93,8.21666622161865,64.1927108764648,149.580215454102,29.8999996185303,17.1000003814697,12.7999992370605,25.3166656494141,22.0833339691162
"2",25.4375,27.1499996185303,23.5666656494141,1526,238,61,40.9831695556641,533,204,392,231,8.49166679382324,65.3205108642578,147.665542602539,31.2999992370605,18.2999992370605,13,25.966667175293,23.6999988555908
