"","wc2.1_30s_bio_1","wc2.1_30s_bio_10","wc2.1_30s_bio_11","wc2.1_30s_bio_12","wc2.1_30s_bio_13","wc2.1_30s_bio_14","wc2.1_30s_bio_15","wc2.1_30s_bio_16","wc2.1_30s_bio_17","wc2.1_30s_bio_18","wc2.1_30s_bio_19","wc2.1_30s_bio_2","wc2.1_30s_bio_3","wc2.1_30s_bio_4","wc2.1_30s_bio_5","wc2.1_30s_bio_6","wc2.1_30s_bio_7","wc2.1_30s_bio_8","wc2.1_30s_bio_9"
"1",21.591667175293,23.4500007629395,19.1833343505859,1119,213,14,85.0734786987305,573,53,311,76,12.6333332061768,67.9211502075195,174.040649414062,30.8999996185303,12.3000001907349,18.5999984741211,22.6499996185303,21.283332824707
"2",22.6791667938232,24.6166667938232,20.1166667938232,1278,224,21,70.6848754882812,588,76,324,142,11.7250003814697,65.8707809448242,185.19596862793,31.7000007629395,13.8999996185303,17.8000011444092,23.8666667938232,22.25
"3",22.9958324432373,24.9500007629395,20.3833332061768,1365,231,26,65.2523040771484,605,93,330,172,11.408332824707,65.1904754638672,188.576705932617,31.8999996185303,14.3999996185303,17.5,24.2333335876465,22.533332824707
"4",22.9958324432373,24.9500007629395,20.3833332061768,1365,231,26,65.2523040771484,605,93,330,172,11.408332824707,65.1904754638672,188.576705932617,31.8999996185303,14.3999996185303,17.5,24.2333335876465,22.533332824707
"5",23.3541660308838,25.3500003814697,20.7000007629395,1422,242,28,64.4410705566406,630,101,341,179,11.4416666030884,65.0094757080078,191.968963623047,32.2999992370605,14.6999998092651,17.5999984741211,24.6166667938232,22.8999996185303
