"","wc2.1_30s_bio_1","wc2.1_30s_bio_10","wc2.1_30s_bio_11","wc2.1_30s_bio_12","wc2.1_30s_bio_13","wc2.1_30s_bio_14","wc2.1_30s_bio_15","wc2.1_30s_bio_16","wc2.1_30s_bio_17","wc2.1_30s_bio_18","wc2.1_30s_bio_19","wc2.1_30s_bio_2","wc2.1_30s_bio_3","wc2.1_30s_bio_4","wc2.1_30s_bio_5","wc2.1_30s_bio_6","wc2.1_30s_bio_7","wc2.1_30s_bio_8","wc2.1_30s_bio_9"
"1",20.4166660308838,20.716667175293,19.8833332061768,1448,219,29,53.9961776733398,572,116,469,118,7.53333330154419,81.0035781860352,37.8594017028809,24.6000003814697,15.3000001907349,9.30000019073486,20.6166667938232,20.1166667938232
"2",18.0499992370605,18.3333339691162,17.5499992370605,1720,238,39,46.5778350830078,681,159,638,314,7.19999980926514,80.8988800048828,36.3067855834961,22,13.1000003814697,8.89999961853027,18.2999992370605,17.7666664123535
"3",19.4166660308838,19.7000007629395,18.9333324432373,1798,267,53,50.0388488769531,767,171,660,296,7.66666650772095,82.4372711181641,35.1188507080078,23.6000003814697,14.3000001907349,9.30000019073486,19.6333332061768,19.1666660308838
