"","wc2.1_30s_bio_1","wc2.1_30s_bio_10","wc2.1_30s_bio_11","wc2.1_30s_bio_12","wc2.1_30s_bio_13","wc2.1_30s_bio_14","wc2.1_30s_bio_15","wc2.1_30s_bio_16","wc2.1_30s_bio_17","wc2.1_30s_bio_18","wc2.1_30s_bio_19","wc2.1_30s_bio_2","wc2.1_30s_bio_3","wc2.1_30s_bio_4","wc2.1_30s_bio_5","wc2.1_30s_bio_6","wc2.1_30s_bio_7","wc2.1_30s_bio_8","wc2.1_30s_bio_9"
"1",24.3041667938232,24.5666675567627,23.9166660308838,3653,475,223,25.7707862854004,1172,714,884,1088,8.77499961853027,93.3510665893555,26.2382736206055,29.1000003814697,19.7000007629395,9.39999961853027,24.1499996185303,24.4833335876465
"2",21.0041656494141,21.3666667938232,20.6499996185303,1745,255,79,38.9201431274414,586,272,402,563,9.04166603088379,90.4166641235352,28.4811420440674,26.1000003814697,16.1000003814697,10,21.1333332061768,20.9333343505859
"3",26.0125007629395,26.3666667938232,25.6666660308838,5913,740,284,31.0654182434082,2073,1017,1422,1862,7.375,91.0493774414062,28.5342864990234,30.2000007629395,22.1000003814697,8.10000038146973,25.7000007629395,26.2333335876465
"4",26.2083339691162,26.533332824707,25.8166675567627,6068,668,369,16.5975914001465,1811,1242,1504,1734,8.06666660308838,92.7202987670898,27.5378475189209,30.6000003814697,21.8999996185303,8.70000076293945,26.0833339691162,26.3666667938232
"5",25.6208324432373,25.9500007629395,25.2333335876465,6112,623,401,14.5095510482788,1776,1357,1529,1690,8.59166717529297,92.3835220336914,27.8353977203369,30.2999992370605,21,9.29999923706055,25.3333339691162,25.8833332061768
"6",26.5791664123535,26.8500003814697,26.2333335876465,6810,656,499,8.2424955368042,1802,1518,1772,1739,8.44166660308838,92.7655868530273,25.6247653961182,31.2999992370605,22.2000007629395,9.09999847412109,26.3333339691162,26.4166660308838
"7",25.6875,26.0666675567627,25.3500003814697,5222,695,89,50.837459564209,1997,396,396,1917,7.85833311080933,88.2958831787109,29.3973484039307,30.3999996185303,21.5,8.89999961853027,25.3666667938232,26.0666675567627
"8",25.9458332061768,26.466667175293,25.5666656494141,4048,562,63,48.0166511535645,1525,372,410,1525,8.80833339691162,88.0833358764648,37.322811126709,31.3999996185303,21.3999996185303,10,25.5666656494141,26.3833332061768
