"","wc2.1_30s_bio_1","wc2.1_30s_bio_10","wc2.1_30s_bio_11","wc2.1_30s_bio_12","wc2.1_30s_bio_13","wc2.1_30s_bio_14","wc2.1_30s_bio_15","wc2.1_30s_bio_16","wc2.1_30s_bio_17","wc2.1_30s_bio_18","wc2.1_30s_bio_19","wc2.1_30s_bio_2","wc2.1_30s_bio_3","wc2.1_30s_bio_4","wc2.1_30s_bio_5","wc2.1_30s_bio_6","wc2.1_30s_bio_7","wc2.1_30s_bio_8","wc2.1_30s_bio_9"
"1",22.6458339691162,24.3500003814697,20.716667175293,1579,253,68,38.8023109436035,557,239,381,314,7.32500028610229,62.0762672424316,149.825042724609,28.2000007629395,16.3999996185303,11.8000011444092,23.25,21.3999996185303
"2",25.8583335876465,27.8333320617676,23.716667175293,1545,208,72,34.8600959777832,566,263,312,361,7.33333349227905,59.6205902099609,168.655548095703,31.7000007629395,19.3999996185303,12.3000011444092,25.3500003814697,24.4500007629395
