"","wc2.1_30s_bio_1","wc2.1_30s_bio_10","wc2.1_30s_bio_11","wc2.1_30s_bio_12","wc2.1_30s_bio_13","wc2.1_30s_bio_14","wc2.1_30s_bio_15","wc2.1_30s_bio_16","wc2.1_30s_bio_17","wc2.1_30s_bio_18","wc2.1_30s_bio_19","wc2.1_30s_bio_2","wc2.1_30s_bio_3","wc2.1_30s_bio_4","wc2.1_30s_bio_5","wc2.1_30s_bio_6","wc2.1_30s_bio_7","wc2.1_30s_bio_8","wc2.1_30s_bio_9"
"1",27.0833339691162,27.6499996185303,26.7333335876465,1516,225,17,58.3706130981445,636,97,198,618,9.33333301544189,78.4313659667969,42.229549407959,33.2000007629395,21.2999992370605,11.9000015258789,26.8999996185303,27.3500003814697
"2",27.6625003814697,28.0833320617676,27.0499992370605,1205,218,26,56.3356590270996,471,87,304,225,9.14166641235352,84.6450653076172,43.0182151794434,32.7999992370605,22,10.7999992370605,27.5666675567627,27.3500003814697
"3",27.1000003814697,27.5666656494141,26.3500003814697,1059,191,15,62.0061340332031,447,73,257,87,8.39999961853027,80.0000152587891,53.2148284912109,32.0999984741211,21.6000003814697,10.4999980926514,27.2000007629395,26.4833335876465
"4",26.1625003814697,26.6166667938232,25.3833332061768,1130,187,10,64.1330413818359,491,63,352,68,8.45833301544189,79.0498352050781,55.9677467346191,31.2000007629395,20.5,10.7000007629395,26.2999992370605,25.5
"5",23.533332824707,24.216667175293,22.5666656494141,813,115,16,46.218376159668,298,72,261,100,9,78.9473724365234,67.5322494506836,29.1000003814697,17.7000007629395,11.3999996185303,23.8500003814697,22.716667175293
"6",26.8833332061768,27.3833332061768,26.0666675567627,1030,196,18,65.9057312011719,458,76,261,82,8.71666717529297,79.2424240112305,57.340015411377,32,21,11,27.0499992370605,26.2000007629395
"7",26.3958339691162,26.8333339691162,25.6333332061768,1019,170,14,64.6471862792969,453,51,335,71,8.70833396911621,80.6327209472656,54.4166603088379,31.5,20.7000007629395,10.7999992370605,26.7666664123535,25.7666664123535
"8",22.1291656494141,22.9333343505859,21.0166664123535,763,119,17,56.9735221862793,340,57,311,74,8.72500038146973,76.5350799560547,80.9449462890625,27.7000007629395,16.2999992370605,11.4000015258789,22.5499992370605,21.1666660308838
