"","wc2.1_30s_bio_1","wc2.1_30s_bio_10","wc2.1_30s_bio_11","wc2.1_30s_bio_12","wc2.1_30s_bio_13","wc2.1_30s_bio_14","wc2.1_30s_bio_15","wc2.1_30s_bio_16","wc2.1_30s_bio_17","wc2.1_30s_bio_18","wc2.1_30s_bio_19","wc2.1_30s_bio_2","wc2.1_30s_bio_3","wc2.1_30s_bio_4","wc2.1_30s_bio_5","wc2.1_30s_bio_6","wc2.1_30s_bio_7","wc2.1_30s_bio_8","wc2.1_30s_bio_9"
"1",15.3375005722046,15.5666675567627,15,2193,302,82,38.5282402038574,762,314,513,762,7.55833339691162,87.8875961303711,25.147289276123,19.7000007629395,11.1000003814697,8.60000038146973,15,15.3999996185303
"2",17.9791660308838,18.2666664123535,17.6333332061768,2450,304,107,27.3453426361084,785,488,713,785,8.32499980926514,91.483512878418,26.0644626617432,22.6000003814697,13.5,9.10000038146973,17.6333332061768,18.1499996185303
"3",16.1208343505859,16.3999996185303,15.8166666030884,2905,405,140,34.4005241394043,940,465,864,940,8.02499961853027,91.1931838989258,23.3022022247314,20.6000003814697,11.8000001907349,8.80000019073486,15.8166666030884,16.2000007629395
"4",19.1916675567627,19.6166667938232,18.6499996185303,2652,328,107,34.8160591125488,838,352,738,717,8.80000019073486,87.1287155151367,41.8239517211914,24.3999996185303,14.3000001907349,10.0999994277954,19.0666675567627,19.1666679382324
"5",18.4500007629395,18.7666664123535,18.0166664123535,2385,284,72,35.6056747436523,792,297,612,677,9.25,88.9423141479492,31.9089603424072,23.7999992370605,13.3999996185303,10.3999996185303,18.0833339691162,18.5666656494141
"6",20.533332824707,21.1833324432373,19.8500003814697,3077,431,74,45.3228225708008,1129,318,813,677,8.88333320617676,86.245964050293,55.2816314697266,25.7999992370605,15.5,10.2999992370605,20.2999992370605,20.0833339691162
"7",15.3375005722046,15.5666675567627,15,2193,302,82,38.5282402038574,762,314,513,762,7.55833339691162,87.8875961303711,25.147289276123,19.7000007629395,11.1000003814697,8.60000038146973,15,15.3999996185303
"8",14.1791667938232,14.3833332061768,13.9333333969116,2410,377,96,37.5419578552246,808,369,780,661,7.65833330154419,91.1706390380859,19.5933933258057,18.5,10.1000003814697,8.39999961853027,14.3333330154419,14.1333332061768
"9",14.1791667938232,14.3833332061768,13.9333333969116,2410,377,96,37.5419578552246,808,369,780,661,7.65833330154419,91.1706390380859,19.5933933258057,18.5,10.1000003814697,8.39999961853027,14.3333330154419,14.1333332061768
