"","wc2.1_30s_bio_1","wc2.1_30s_bio_10","wc2.1_30s_bio_11","wc2.1_30s_bio_12","wc2.1_30s_bio_13","wc2.1_30s_bio_14","wc2.1_30s_bio_15","wc2.1_30s_bio_16","wc2.1_30s_bio_17","wc2.1_30s_bio_18","wc2.1_30s_bio_19","wc2.1_30s_bio_2","wc2.1_30s_bio_3","wc2.1_30s_bio_4","wc2.1_30s_bio_5","wc2.1_30s_bio_6","wc2.1_30s_bio_7","wc2.1_30s_bio_8","wc2.1_30s_bio_9"
"1",24.2333335876465,25.7000007629395,22.533332824707,1775,297,69,48.460521697998,617,221,462,237,9.61666679382324,69.6859893798828,127.855255126953,30.7999992370605,17,13.7999992370605,25.3166656494141,22.7999992370605
"2",26.5125007629395,27.8000011444092,24.9833335876465,1832,321,65,52.2027740478516,700,200,523,200,10.5416669845581,72.7011413574219,115.603668212891,32.9000015258789,18.3999996185303,14.5000019073486,27.6333332061768,24.9833335876465
"3",24.0499992370605,25.5,22.3333339691162,1649,296,55,54.3826103210449,639,174,463,174,9.66666698455811,69.5443649291992,129.492004394531,30.5,16.6000003814697,13.8999996185303,25.2666664123535,22.3333339691162
"4",19.9166660308838,21.466667175293,18.1166667938232,2153,429,69,60.5394477844238,876,211,598,211,9.06666660308838,68.1704177856445,134.912994384766,26.2000007629395,12.8999996185303,13.3000011444092,21.1333332061768,18.1166667938232
