"","wc2.1_30s_bio_1","wc2.1_30s_bio_10","wc2.1_30s_bio_11","wc2.1_30s_bio_12","wc2.1_30s_bio_13","wc2.1_30s_bio_14","wc2.1_30s_bio_15","wc2.1_30s_bio_16","wc2.1_30s_bio_17","wc2.1_30s_bio_18","wc2.1_30s_bio_19","wc2.1_30s_bio_2","wc2.1_30s_bio_3","wc2.1_30s_bio_4","wc2.1_30s_bio_5","wc2.1_30s_bio_6","wc2.1_30s_bio_7","wc2.1_30s_bio_8","wc2.1_30s_bio_9"
"1",24.7041664123535,26.533332824707,22.716667175293,2341,314,117,35.030834197998,869,369,499,632,6.90833330154419,59.5545959472656,159.351791381836,30.2000007629395,18.6000003814697,11.6000003814697,24.2333335876465,23.283332824707
"2",25.1749992370605,27,23.2333335876465,2141,296,110,35.818473815918,803,341,450,567,7.09999990463257,60.6837577819824,156.894577026367,30.7000007629395,19,11.7000007629395,24.6666660308838,23.7999992370605
"3",25.6333332061768,27.466667175293,23.6666660308838,1220,186,55,38.6996841430664,463,207,232,317,7.06666660308838,60.9195365905762,155.962326049805,31.2000007629395,19.6000003814697,11.6000003814697,25.1000003814697,27.3999996185303
