"","wc2.1_30s_bio_1","wc2.1_30s_bio_10","wc2.1_30s_bio_11","wc2.1_30s_bio_12","wc2.1_30s_bio_13","wc2.1_30s_bio_14","wc2.1_30s_bio_15","wc2.1_30s_bio_16","wc2.1_30s_bio_17","wc2.1_30s_bio_18","wc2.1_30s_bio_19","wc2.1_30s_bio_2","wc2.1_30s_bio_3","wc2.1_30s_bio_4","wc2.1_30s_bio_5","wc2.1_30s_bio_6","wc2.1_30s_bio_7","wc2.1_30s_bio_8","wc2.1_30s_bio_9"
"1",23.2583332061768,25.5666656494141,20.3999996185303,1588,220,57,51.6162643432617,620,190,614,190,9.58333396911621,62.2294387817383,214.484924316406,30.3999996185303,15,15.3999996185303,25.533332824707,20.3999996185303
"2",23.845832824707,26.1833343505859,21,1546,210,56,50.8023872375488,596,185,595,185,9.39166641235352,62.1964683532715,214.925537109375,30.8999996185303,15.8000001907349,15.0999994277954,26.1333332061768,21
"3",24.154167175293,26.5,21.283332824707,1526,211,53,51.5393142700195,588,183,588,183,9.64166641235352,62.608226776123,215.274230957031,31.2999992370605,15.8999996185303,15.3999996185303,26.5,21.283332824707
"4",24.2708339691162,26.5166664123535,21.4500007629395,1531,231,45,57.6451721191406,628,159,606,159,9.45833301544189,62.6379737854004,209.354583740234,31.2999992370605,16.2000007629395,15.0999984741211,26.4333324432373,21.4500007629395
"5",24.9958324432373,27.216667175293,22.2000007629395,1388,222,32,59.5119285583496,563,129,511,129,10.0750007629395,64.1719741821289,206.941558837891,32.2000007629395,16.5,15.7000007629395,26.6333332061768,22.2000007629395
"6",25.0874996185303,27.3666667938232,22.2999992370605,1361,210,25,59.4838256835938,525,121,521,121,10.1750001907349,63.59375,208.458892822266,32.2999992370605,16.2999992370605,16,26.966667175293,22.2999992370605
