"","wc2.1_30s_bio_1","wc2.1_30s_bio_10","wc2.1_30s_bio_11","wc2.1_30s_bio_12","wc2.1_30s_bio_13","wc2.1_30s_bio_14","wc2.1_30s_bio_15","wc2.1_30s_bio_16","wc2.1_30s_bio_17","wc2.1_30s_bio_18","wc2.1_30s_bio_19","wc2.1_30s_bio_2","wc2.1_30s_bio_3","wc2.1_30s_bio_4","wc2.1_30s_bio_5","wc2.1_30s_bio_6","wc2.1_30s_bio_7","wc2.1_30s_bio_8","wc2.1_30s_bio_9"
"1",27.3500003814697,28.7999992370605,25.3500003814697,2511,392,74,56.6793937683105,1165,280,339,854,7.23333358764648,65.7575759887695,148.706527709961,32.7000007629395,21.7000007629395,11,26.3166656494141,28.6833343505859
"2",27.3500003814697,28.7999992370605,25.3500003814697,2511,392,74,56.6793937683105,1165,280,339,854,7.23333358764648,65.7575759887695,148.706527709961,32.7000007629395,21.7000007629395,11,26.3166656494141,28.6833343505859
"3",27.4125003814697,28.8666667938232,25.3833332061768,2522,395,74,56.764274597168,1173,281,341,852,7.20833349227905,65.5303039550781,149.592254638672,32.7000007629395,21.7000007629395,11,26.3833332061768,28.7333335876465
"4",27.4125003814697,28.8666667938232,25.3833332061768,2522,395,74,56.764274597168,1173,281,341,852,7.20833349227905,65.5303039550781,149.592254638672,32.7000007629395,21.7000007629395,11,26.3833332061768,28.7333335876465
"5",27.4125003814697,28.8666667938232,25.3833332061768,2522,395,74,56.764274597168,1173,281,341,852,7.20833349227905,65.5303039550781,149.592254638672,32.7000007629395,21.7000007629395,11,26.3833332061768,28.7333335876465
