"","wc2.1_30s_bio_1","wc2.1_30s_bio_10","wc2.1_30s_bio_11","wc2.1_30s_bio_12","wc2.1_30s_bio_13","wc2.1_30s_bio_14","wc2.1_30s_bio_15","wc2.1_30s_bio_16","wc2.1_30s_bio_17","wc2.1_30s_bio_18","wc2.1_30s_bio_19","wc2.1_30s_bio_2","wc2.1_30s_bio_3","wc2.1_30s_bio_4","wc2.1_30s_bio_5","wc2.1_30s_bio_6","wc2.1_30s_bio_7","wc2.1_30s_bio_8","wc2.1_30s_bio_9"
"1",26.6875,27.1499996185303,25.8500003814697,1068,168,23,49.3117599487305,442,107,169,347,7.79166650772095,81.1631927490234,57.9233360290527,31.2000007629395,21.6000003814697,9.60000038146973,26.1499996185303,26.9333343505859
"2",26.5499992370605,27.7666664123535,25.1499996185303,1254,157,51,34.4270553588867,446,180,410,192,6.04999971389771,66.483528137207,111.25318145752,30.7999992370605,21.7000007629395,9.09999847412109,27.1166667938232,25.4833335876465
