"","wc2.1_30s_bio_1","wc2.1_30s_bio_10","wc2.1_30s_bio_11","wc2.1_30s_bio_12","wc2.1_30s_bio_13","wc2.1_30s_bio_14","wc2.1_30s_bio_15","wc2.1_30s_bio_16","wc2.1_30s_bio_17","wc2.1_30s_bio_18","wc2.1_30s_bio_19","wc2.1_30s_bio_2","wc2.1_30s_bio_3","wc2.1_30s_bio_4","wc2.1_30s_bio_5","wc2.1_30s_bio_6","wc2.1_30s_bio_7","wc2.1_30s_bio_8","wc2.1_30s_bio_9"
"1",26.1416664123535,27.2333335876465,25.2999992370605,3480,607,49,61.5803184509277,1438,186,700,1164,9.53333282470703,76.8817367553711,76.6584243774414,32.5999984741211,20.2000007629395,12.3999977111816,25.5,26.216667175293
"2",25.4750003814697,26.5666656494141,24.6666679382324,3130,489,45,61.3395080566406,1271,208,611,870,10.6833324432373,79.1358108520508,75.3928833007812,32.5999984741211,19.1000003814697,13.4999980926514,25.1166667938232,25.6166667938232
