"","wc2.1_30s_bio_1","wc2.1_30s_bio_10","wc2.1_30s_bio_11","wc2.1_30s_bio_12","wc2.1_30s_bio_13","wc2.1_30s_bio_14","wc2.1_30s_bio_15","wc2.1_30s_bio_16","wc2.1_30s_bio_17","wc2.1_30s_bio_18","wc2.1_30s_bio_19","wc2.1_30s_bio_2","wc2.1_30s_bio_3","wc2.1_30s_bio_4","wc2.1_30s_bio_5","wc2.1_30s_bio_6","wc2.1_30s_bio_7","wc2.1_30s_bio_8","wc2.1_30s_bio_9"
"1",20.2000007629395,20.9833335876465,19.0166664123535,2531,351,102,43.287425994873,1001,338,694,338,11.7333335876465,78.2222213745117,83.6931686401367,27.3999996185303,12.3999996185303,15,20.6333332061768,19.0166664123535
"2",20.2000007629395,20.9833335876465,19.0166664123535,2531,351,102,43.287425994873,1001,338,694,338,11.7333335876465,78.2222213745117,83.6931686401367,27.3999996185303,12.3999996185303,15,20.6333332061768,19.0166664123535
"3",14.6625003814697,15.3666667938232,13.6499996185303,1087,158,31,52.319091796875,464,109,312,109,11.7083330154419,78.0555572509766,69.7112579345703,21.2999992370605,6.30000019073486,14.9999990463257,14.8666667938232,13.6499996185303
"4",14.6625003814697,15.3666667938232,13.6499996185303,1087,158,31,52.319091796875,464,109,312,109,11.7083330154419,78.0555572509766,69.7112579345703,21.2999992370605,6.30000019073486,14.9999990463257,14.8666667938232,13.6499996185303
"5",18.2083339691162,18.8666667938232,17.3333339691162,1220,187,26,57.5602569580078,527,93,374,93,12.783332824707,80.9071731567383,61.9322738647461,25.3999996185303,9.60000038146973,15.7999992370605,18.2999992370605,17.3333339691162
"6",18.2083339691162,18.8666667938232,17.3333339691162,1220,187,26,57.5602569580078,527,93,374,93,12.783332824707,80.9071731567383,61.9322738647461,25.3999996185303,9.60000038146973,15.7999992370605,18.2999992370605,17.3333339691162
"7",18.2083339691162,18.8666667938232,17.3333339691162,1220,187,26,57.5602569580078,527,93,374,93,12.783332824707,80.9071731567383,61.9322738647461,25.3999996185303,9.60000038146973,15.7999992370605,18.2999992370605,17.3333339691162
