"","wc2.1_30s_bio_1","wc2.1_30s_bio_10","wc2.1_30s_bio_11","wc2.1_30s_bio_12","wc2.1_30s_bio_13","wc2.1_30s_bio_14","wc2.1_30s_bio_15","wc2.1_30s_bio_16","wc2.1_30s_bio_17","wc2.1_30s_bio_18","wc2.1_30s_bio_19","wc2.1_30s_bio_2","wc2.1_30s_bio_3","wc2.1_30s_bio_4","wc2.1_30s_bio_5","wc2.1_30s_bio_6","wc2.1_30s_bio_7","wc2.1_30s_bio_8","wc2.1_30s_bio_9"
"1",27.595832824707,28.6000003814697,26.3333339691162,524,110,12,68.3566665649414,264,54,125,97,5.17500019073486,63.8888893127441,97.2218170166016,31.7000007629395,23.6000003814697,8.10000038146973,27.5500011444092,27.3333339691162
"2",27.7124996185303,28.716667175293,26.4333343505859,537,123,15,70.3424224853516,270,55,106,165,5.44166660308838,65.562255859375,98.1678695678711,31.8999996185303,23.6000003814697,8.29999923706055,27.6166667938232,27.4833335876465
"3",27.9166660308838,28.9333343505859,26.6499996185303,529,104,17,63.216854095459,258,55,131,98,5.44999980926514,65.6626586914062,97.6155090332031,32.0999984741211,23.7999992370605,8.29999923706055,27.8666667938232,27.6499996185303
"4",28.3624992370605,29.3833332061768,27.0666656494141,472,126,15,77.0325927734375,241,51,89,133,5.85833358764648,67.337158203125,98.6759033203125,32.7000007629395,24,8.70000076293945,27.5,27.5166664123535
"5",27.9541664123535,28.966667175293,26.7000007629395,503,110,15,63.4746551513672,240,52,127,87,4.84166622161865,62.878791809082,97.0814590454102,31.8999996185303,24.2000007629395,7.69999885559082,27.9166660308838,27.6666660308838
"6",28.3541660308838,29.3500003814697,27.1000003814697,529,117,16,65.6260604858398,257,52,122,167,5.20833349227905,64.3003997802734,96.9409103393555,32.4000015258789,24.2999992370605,8.10000228881836,27.5499992370605,28.1000003814697
