"","wc2.1_30s_bio_1","wc2.1_30s_bio_10","wc2.1_30s_bio_11","wc2.1_30s_bio_12","wc2.1_30s_bio_13","wc2.1_30s_bio_14","wc2.1_30s_bio_15","wc2.1_30s_bio_16","wc2.1_30s_bio_17","wc2.1_30s_bio_18","wc2.1_30s_bio_19","wc2.1_30s_bio_2","wc2.1_30s_bio_3","wc2.1_30s_bio_4","wc2.1_30s_bio_5","wc2.1_30s_bio_6","wc2.1_30s_bio_7","wc2.1_30s_bio_8","wc2.1_30s_bio_9"
"1",22.6166667938232,24.8500003814697,19.4166660308838,1309,256,18,73.3088836669922,650,68,650,96,12.4333333969116,65.0959854125977,231.441467285156,30.5,11.3999996185303,19.1000003814697,24.8500003814697,19.5499992370605
"2",24.3583335876465,25.0833339691162,22.9833335876465,1730,297,1,85.1939392089844,889,17,673,17,13.7333335876465,72.6631393432617,95.3184280395508,32.7000007629395,13.8000001907349,18.9000015258789,24.8500003814697,22.9833335876465
"3",25.4291667938232,26.75,24.2999992370605,851,167,1,88.3843536376953,435,5,162,20,12.2083330154419,75.3600769042969,95.6902618408203,33.4000015258789,17.2000007629395,16.2000007629395,25.2333335876465,24.466667175293
"4",26.7250003814697,27.3666667938232,26.25,2316,314,51,52.8865165710449,913,199,414,913,9.05000019073486,76.6949157714844,44.949462890625,32.5999984741211,20.7999992370605,11.7999992370605,26.25,26.6499996185303
