"","wc2.1_30s_bio_1","wc2.1_30s_bio_10","wc2.1_30s_bio_11","wc2.1_30s_bio_12","wc2.1_30s_bio_13","wc2.1_30s_bio_14","wc2.1_30s_bio_15","wc2.1_30s_bio_16","wc2.1_30s_bio_17","wc2.1_30s_bio_18","wc2.1_30s_bio_19","wc2.1_30s_bio_2","wc2.1_30s_bio_3","wc2.1_30s_bio_4","wc2.1_30s_bio_5","wc2.1_30s_bio_6","wc2.1_30s_bio_7","wc2.1_30s_bio_8","wc2.1_30s_bio_9"
"1",24.7416667938232,27.033332824707,21.9166679382324,1399,210,37,53.617000579834,528,150,518,150,10.1333332061768,63.7316551208496,211.765640258789,31.8999996185303,16,15.8999996185303,26.6499996185303,21.9166679382324
"2",25.3041667938232,27.5166664123535,22.7333335876465,1261,203,21,68.8255157470703,549,85,517,85,8.72499942779541,61.0139846801758,200.062026977539,32.0999984741211,17.7999992370605,14.2999992370605,27.1833324432373,22.7333335876465
"3",25.4458332061768,27.5499992370605,22.8666667938232,1344,208,28,60.0467109680176,545,135,530,135,8.99166679382324,62.442138671875,192.642578125,32.0999984741211,17.7000007629395,14.3999977111816,27.033332824707,22.8666667938232
"4",25.0874996185303,27.3166656494141,22.2666664123535,1370,213,26,61.6512641906738,538,114,533,114,9.92499923706055,63.216552734375,207.376754760742,32.2000007629395,16.5,15.7000007629395,26.7333335876465,22.2666664123535
"5",25.5416660308838,27.6333332061768,22.9500007629395,1368,208,25,58.4016952514648,534,139,531,139,8.73333358764648,61.9385375976562,193.071228027344,32.0999984741211,18,14.0999984741211,27.1666660308838,22.9500007629395
