"","wc2.1_30s_bio_1","wc2.1_30s_bio_10","wc2.1_30s_bio_11","wc2.1_30s_bio_12","wc2.1_30s_bio_13","wc2.1_30s_bio_14","wc2.1_30s_bio_15","wc2.1_30s_bio_16","wc2.1_30s_bio_17","wc2.1_30s_bio_18","wc2.1_30s_bio_19","wc2.1_30s_bio_2","wc2.1_30s_bio_3","wc2.1_30s_bio_4","wc2.1_30s_bio_5","wc2.1_30s_bio_6","wc2.1_30s_bio_7","wc2.1_30s_bio_8","wc2.1_30s_bio_9"
"1",15.6833333969116,15.8666667938232,15.3999996185303,1721,227,66,35.8837928771973,564,258,564,544,8.90000057220459,91.752571105957,19.4624691009521,20.6000003814697,10.8999996185303,9.70000076293945,15.8666667938232,15.75
"2",17.3333339691162,17.5499992370605,17.0500011444092,1771,233,66,34.2568740844727,559,274,493,553,9.26666641235352,90.8496780395508,21.4617195129395,22.5,12.3000001907349,10.1999998092651,17.5499992370605,17.3833332061768
"3",16.9916667938232,17.1666660308838,16.7000007629395,1737,237,98,33.4490051269531,562,318,486,491,9.13333320617676,90.4290390014648,20.979793548584,22.2000007629395,12.1000003814697,10.1000003814697,17.1666660308838,17.0833339691162
"4",19.8083324432373,20.2000007629395,19.5166664123535,1542,217,71,36.5420188903809,488,254,352,488,9.60000038146973,88.8888854980469,29.8354187011719,25.2000007629395,14.3999996185303,10.8000011444092,19.5166664123535,19.6333332061768
"5",15.3375005722046,15.5666675567627,15,2193,302,82,38.5282402038574,762,314,513,762,7.55833339691162,87.8875961303711,25.147289276123,19.7000007629395,11.1000003814697,8.60000038146973,15,15.3999996185303
"6",18.3875007629395,18.6333332061768,17.9833335876465,1998,246,81,31.4156951904297,622,376,376,579,8.24166679382324,87.6772994995117,27.7263603210449,23.1000003814697,13.6999998092651,9.40000057220459,18.5,18.6333332061768
"7",17.7458343505859,17.9833335876465,17.3833332061768,2276,269,115,26.5962104797363,730,404,524,680,8.10833358764648,89.1025695800781,26.1515254974365,22.2999992370605,13.1999998092651,9.09999942779541,17.4166660308838,17.966667175293
"8",15.6166667938232,15.8166666030884,15.283332824707,2583,367,123,31.87375831604,834,442,671,834,7.54999971389771,88.8235244750977,23.5809497833252,19.8999996185303,11.3999996185303,8.5,15.283332824707,15.7166662216187
"9",15.6166667938232,15.8166666030884,15.283332824707,2583,367,123,31.87375831604,834,442,671,834,7.54999971389771,88.8235244750977,23.5809497833252,19.8999996185303,11.3999996185303,8.5,15.283332824707,15.7166662216187
