"","wc2.1_30s_bio_1","wc2.1_30s_bio_10","wc2.1_30s_bio_11","wc2.1_30s_bio_12","wc2.1_30s_bio_13","wc2.1_30s_bio_14","wc2.1_30s_bio_15","wc2.1_30s_bio_16","wc2.1_30s_bio_17","wc2.1_30s_bio_18","wc2.1_30s_bio_19","wc2.1_30s_bio_2","wc2.1_30s_bio_3","wc2.1_30s_bio_4","wc2.1_30s_bio_5","wc2.1_30s_bio_6","wc2.1_30s_bio_7","wc2.1_30s_bio_8","wc2.1_30s_bio_9"
"1",22.7875003814697,24.466667175293,20.9166660308838,1529,235,44,53.6121559143066,587,143,474,143,8.00833415985107,64.0666732788086,146.320404052734,28.5,16,12.5,24.1000003814697,20.9166660308838
"2",24.1666660308838,25.9500007629395,22.1666660308838,1388,209,34,55.2385292053223,532,120,430,120,7.80000019073486,62.4000015258789,154.071029663086,29.8999996185303,17.3999996185303,12.5,25.5499992370605,22.1666660308838
"3",26.375,28.0833339691162,24.533332824707,1080,156,31,50.9668731689453,412,100,300,100,8.98333358764648,66.5432052612305,145.031341552734,32.5,19,13.5,27.6333332061768,24.533332824707
