"","wc2.1_30s_bio_1","wc2.1_30s_bio_10","wc2.1_30s_bio_11","wc2.1_30s_bio_12","wc2.1_30s_bio_13","wc2.1_30s_bio_14","wc2.1_30s_bio_15","wc2.1_30s_bio_16","wc2.1_30s_bio_17","wc2.1_30s_bio_18","wc2.1_30s_bio_19","wc2.1_30s_bio_2","wc2.1_30s_bio_3","wc2.1_30s_bio_4","wc2.1_30s_bio_5","wc2.1_30s_bio_6","wc2.1_30s_bio_7","wc2.1_30s_bio_8","wc2.1_30s_bio_9"
"1",26.8333339691162,27.9333324432373,25.3999996185303,1601,207,59,39.7156600952148,597,204,507,216,6.54999971389771,69.6808547973633,106.35131072998,31.3999996185303,22,9.39999961853027,27.7999992370605,25.75
"2",27.1416664123535,28.25,25.7333335876465,1611,207,60,39.4806098937988,600,206,575,220,6.76666688919067,70.4861221313477,106.126693725586,31.7999992370605,22.2000007629395,9.59999847412109,28.1333332061768,26.1000003814697
