"","wc2.1_30s_bio_1","wc2.1_30s_bio_10","wc2.1_30s_bio_11","wc2.1_30s_bio_12","wc2.1_30s_bio_13","wc2.1_30s_bio_14","wc2.1_30s_bio_15","wc2.1_30s_bio_16","wc2.1_30s_bio_17","wc2.1_30s_bio_18","wc2.1_30s_bio_19","wc2.1_30s_bio_2","wc2.1_30s_bio_3","wc2.1_30s_bio_4","wc2.1_30s_bio_5","wc2.1_30s_bio_6","wc2.1_30s_bio_7","wc2.1_30s_bio_8","wc2.1_30s_bio_9"
"1",15.3625001907349,16.9500007629395,13.4499998092651,2110,315,59,49.9770545959473,774,215,659,215,8.14166641235352,64.1076126098633,145.307266235352,21.2999992370605,8.60000038146973,12.6999988555908,16.75,13.4499998092651
"2",25.4208335876465,27.25,23.4500007629395,1247,199,40,50.3262100219727,447,127,372,127,8.44166660308838,63.9520225524902,153.999084472656,31.7999992370605,18.6000003814697,13.1999988555908,26.6499996185303,23.4500007629395
