"","wc2.1_30s_bio_1","wc2.1_30s_bio_10","wc2.1_30s_bio_11","wc2.1_30s_bio_12","wc2.1_30s_bio_13","wc2.1_30s_bio_14","wc2.1_30s_bio_15","wc2.1_30s_bio_16","wc2.1_30s_bio_17","wc2.1_30s_bio_18","wc2.1_30s_bio_19","wc2.1_30s_bio_2","wc2.1_30s_bio_3","wc2.1_30s_bio_4","wc2.1_30s_bio_5","wc2.1_30s_bio_6","wc2.1_30s_bio_7","wc2.1_30s_bio_8","wc2.1_30s_bio_9"
"1",27.154167175293,27.7333335876465,26.3999996185303,1756,301,20,64.1904983520508,776,82,375,210,4.59166669845581,75.2732238769531,53.6596221923828,30.2000007629395,24.1000003814697,6.10000038146973,27.1166667938232,27.033332824707
"2",27.216667175293,27.7666664123535,26.466667175293,1816,309,22,62.7351684570312,804,90,362,245,4.58333349227905,76.3888854980469,53.4421005249023,30.2000007629395,24.2000007629395,6,27.2000007629395,27.033332824707
"3",27.0083332061768,27.6000003814697,26.25,1788,305,20,62.6627998352051,785,90,380,225,4.63333320617676,74.7311706542969,55.1787757873535,30.1000003814697,23.8999996185303,6.20000076293945,26.9500007629395,26.8500003814697
"4",27.125,27.6833343505859,26.3666667938232,1782,303,22,62.3242874145508,786,93,372,234,4.60000038146973,75.4098358154297,53.8305358886719,30.2000007629395,24.1000003814697,6.10000038146973,27.1166667938232,26.9333343505859
"5",27.279167175293,27.8500003814697,26.5,1789,305,22,64.3735733032227,799,89,497,224,4.59166622161865,75.2732315063477,55.8186340332031,30.2999992370605,24.2000007629395,6.09999847412109,27.283332824707,27.0666656494141
