"","wc2.1_30s_bio_1","wc2.1_30s_bio_10","wc2.1_30s_bio_11","wc2.1_30s_bio_12","wc2.1_30s_bio_13","wc2.1_30s_bio_14","wc2.1_30s_bio_15","wc2.1_30s_bio_16","wc2.1_30s_bio_17","wc2.1_30s_bio_18","wc2.1_30s_bio_19","wc2.1_30s_bio_2","wc2.1_30s_bio_3","wc2.1_30s_bio_4","wc2.1_30s_bio_5","wc2.1_30s_bio_6","wc2.1_30s_bio_7","wc2.1_30s_bio_8","wc2.1_30s_bio_9"
"1",25.1708335876465,26.5666656494141,23.5166664123535,1149,188,29,58.679557800293,513,97,318,97,12.1083335876465,77.6175308227539,129.130981445312,32.5999984741211,17,15.5999984741211,26.3333339691162,23.5166664123535
"2",25.4874992370605,26.8833332061768,23.8833332061768,1139,197,31,58.3983268737793,516,98,336,98,10.7083330154419,75.9456329345703,125.011344909668,32.0999984741211,18,14.0999984741211,26.5999984741211,23.8833332061768
"3",26.1291675567627,27.5666675567627,24.466667175293,806,138,21,61.0837821960449,368,71,206,71,11.6916666030884,76.9188537597656,131.174072265625,33.5,18.2999992370605,15.2000007629395,27.283332824707,24.466667175293
"4",25.9541664123535,27.3833332061768,24.2666664123535,886,146,23,58.3033409118652,393,79,233,79,12.6083335876465,77.8292236328125,132.312637329102,33.5999984741211,17.3999996185303,16.1999988555908,27.1333332061768,24.2666664123535
"5",26.1000003814697,27.5500011444092,24.4500007629395,812,137,21,60.197021484375,367,69,213,69,11.783332824707,77.015251159668,130.905960083008,33.5,18.2000007629395,15.2999992370605,27.2666664123535,24.4500007629395
"6",25.9958343505859,27.4500007629395,24.3166675567627,856,142,21,59.7119026184082,385,70,232,70,12.1750001907349,77.0569686889648,132.552871704102,33.5,17.7000007629395,15.7999992370605,27.1666660308838,24.3166675567627
