"","wc2.1_30s_bio_1","wc2.1_30s_bio_10","wc2.1_30s_bio_11","wc2.1_30s_bio_12","wc2.1_30s_bio_13","wc2.1_30s_bio_14","wc2.1_30s_bio_15","wc2.1_30s_bio_16","wc2.1_30s_bio_17","wc2.1_30s_bio_18","wc2.1_30s_bio_19","wc2.1_30s_bio_2","wc2.1_30s_bio_3","wc2.1_30s_bio_4","wc2.1_30s_bio_5","wc2.1_30s_bio_6","wc2.1_30s_bio_7","wc2.1_30s_bio_8","wc2.1_30s_bio_9"
"1",22.8083324432373,24.7000007629395,20.6333332061768,1535,231,46,52.603385925293,560,149,497,149,7.78333330154419,61.2860946655273,167.112274169922,28.7999992370605,16.1000003814697,12.6999988555908,24.2999992370605,20.6333332061768
"2",25.9458332061768,27.8833332061768,23.7999992370605,1350,178,59,34.637378692627,473,228,280,288,7.69166660308838,61.0449714660645,166.220794677734,31.8999996185303,19.2999992370605,12.6000003814697,26.5499992370605,23.9500007629395
