"","wc2.1_30s_bio_1","wc2.1_30s_bio_10","wc2.1_30s_bio_11","wc2.1_30s_bio_12","wc2.1_30s_bio_13","wc2.1_30s_bio_14","wc2.1_30s_bio_15","wc2.1_30s_bio_16","wc2.1_30s_bio_17","wc2.1_30s_bio_18","wc2.1_30s_bio_19","wc2.1_30s_bio_2","wc2.1_30s_bio_3","wc2.1_30s_bio_4","wc2.1_30s_bio_5","wc2.1_30s_bio_6","wc2.1_30s_bio_7","wc2.1_30s_bio_8","wc2.1_30s_bio_9"
"1",20.2000007629395,20.9833335876465,19.0166664123535,2531,351,102,43.287425994873,1001,338,694,338,11.7333335876465,78.2222213745117,83.6931686401367,27.3999996185303,12.3999996185303,15,20.6333332061768,19.0166664123535
"2",17.7250003814697,18.5833339691162,16.5166664123535,1295,183,50,45.526912689209,524,170,347,172,12.6499996185303,78.5714340209961,86.2211685180664,25.2999992370605,9.19999980926514,16.0999984741211,18.1166667938232,16.533332824707
"3",19.7416667938232,20.3666667938232,19.1166667938232,1702,297,25,69.8509902954102,828,103,338,111,13.5166673660278,85.0104904174805,54.2231559753418,27.7999992370605,11.8999996185303,15.8999996185303,19.6833343505859,19.2000007629395
