"","wc2.1_30s_bio_1","wc2.1_30s_bio_10","wc2.1_30s_bio_11","wc2.1_30s_bio_12","wc2.1_30s_bio_13","wc2.1_30s_bio_14","wc2.1_30s_bio_15","wc2.1_30s_bio_16","wc2.1_30s_bio_17","wc2.1_30s_bio_18","wc2.1_30s_bio_19","wc2.1_30s_bio_2","wc2.1_30s_bio_3","wc2.1_30s_bio_4","wc2.1_30s_bio_5","wc2.1_30s_bio_6","wc2.1_30s_bio_7","wc2.1_30s_bio_8","wc2.1_30s_bio_9"
"1",19.9458332061768,21.3166656494141,18.3666667938232,2002,230,90,28.7695083618164,655,315,570,315,6.125,64.4736862182617,124.196655273438,24.6000003814697,15.1000003814697,9.5,21.2999992370605,18.3666667938232
"2",22.5625,24.0166664123535,20.8166675567627,2055,298,64,47.7890281677246,846,225,726,225,11.3083333969116,74.8896255493164,135.128295898438,29.7000007629395,14.6000003814697,15.1000003814697,23.8500003814697,20.8166675567627
"3",23.2083339691162,24.6333332061768,21.466667175293,2195,309,65,47.0790519714355,863,223,754,243,12.3000001907349,76.3975143432617,134.837173461914,30.7999992370605,14.6999998092651,16.0999984741211,24.5,21.5499992370605
"4",23.2041664123535,24.6166667938232,21.4833335876465,2276,307,72,43.4658355712891,856,256,751,273,12.3249998092651,76.5527954101562,133.288116455078,30.7999992370605,14.6999998092651,16.0999984741211,24.466667175293,21.5666675567627
"5",24.9750003814697,26.4833335876465,23.2000007629395,2047,233,84,29.9559574127197,655,296,601,296,8.38333320617676,69.8611068725586,138.736190795898,30.7000007629395,18.7000007629395,12,26.3000011444092,23.2000007629395
