"","wc2.1_30s_bio_1","wc2.1_30s_bio_10","wc2.1_30s_bio_11","wc2.1_30s_bio_12","wc2.1_30s_bio_13","wc2.1_30s_bio_14","wc2.1_30s_bio_15","wc2.1_30s_bio_16","wc2.1_30s_bio_17","wc2.1_30s_bio_18","wc2.1_30s_bio_19","wc2.1_30s_bio_2","wc2.1_30s_bio_3","wc2.1_30s_bio_4","wc2.1_30s_bio_5","wc2.1_30s_bio_6","wc2.1_30s_bio_7","wc2.1_30s_bio_8","wc2.1_30s_bio_9"
"1",20.9291667938232,22.6000003814697,19.033332824707,1708,282,66,48.1062774658203,638,205,487,217,7.60833358764648,62.3633842468262,146.775314331055,26.6000003814697,14.3999996185303,12.2000007629395,22.283332824707,19.1666660308838
"2",21.4750003814697,23.2666664123535,19.4500007629395,1675,261,60,49.0699234008789,629,185,500,192,7.69999980926514,61.5999946594238,156.909057617188,27.2000007629395,14.6999998092651,12.5000009536743,22.8999996185303,19.5666675567627
"3",22.6458339691162,24.3500003814697,20.716667175293,1579,253,68,38.8023109436035,557,239,381,314,7.32500028610229,62.0762672424316,149.825042724609,28.2000007629395,16.3999996185303,11.8000011444092,23.25,21.3999996185303
"4",23.8875007629395,25.7000007629395,21.9166660308838,2103,297,98,33.9695129394531,753,326,480,504,6.94166707992554,59.8419532775879,157.77033996582,29.3999996185303,17.7999992370605,11.6000003814697,23.4500007629395,22.4833335876465
"5",24.9583339691162,27.3333339691162,22.1666679382324,1383,194,50,48.7427787780762,522,177,514,180,8.33333301544189,58.6854515075684,214.400131225586,31.8999996185303,17.7000007629395,14.1999988555908,26.8833332061768,22.3500003814697
"6",25.2374992370605,27.0666656494141,23.2666664123535,2496,330,127,36.8892440795898,950,395,517,703,7.00833368301392,60.4166679382324,158.918579101562,30.7000007629395,19.1000003814697,11.6000003814697,24.7666664123535,23.8166656494141
"7",26.375,28.0833339691162,24.533332824707,1080,156,31,50.9668731689453,412,100,300,100,8.98333358764648,66.5432052612305,145.031341552734,32.5,19,13.5,27.6333332061768,24.533332824707
"8",25.8583335876465,27.8333320617676,23.716667175293,1545,208,72,34.8600959777832,566,263,312,361,7.33333349227905,59.6205902099609,168.655548095703,31.7000007629395,19.3999996185303,12.3000011444092,25.3500003814697,24.4500007629395
