"","wc2.1_30s_bio_1","wc2.1_30s_bio_10","wc2.1_30s_bio_11","wc2.1_30s_bio_12","wc2.1_30s_bio_13","wc2.1_30s_bio_14","wc2.1_30s_bio_15","wc2.1_30s_bio_16","wc2.1_30s_bio_17","wc2.1_30s_bio_18","wc2.1_30s_bio_19","wc2.1_30s_bio_2","wc2.1_30s_bio_3","wc2.1_30s_bio_4","wc2.1_30s_bio_5","wc2.1_30s_bio_6","wc2.1_30s_bio_7","wc2.1_30s_bio_8","wc2.1_30s_bio_9"
"1",21.9958324432373,24.4333343505859,18.8500003814697,2209,378,56,74.2798156738281,1101,178,538,212,14.3083333969116,67.8120040893555,225.977264404297,32.2000007629395,11.1000003814697,21.1000003814697,23.25,21.783332824707
"2",20.8500003814697,23.1499996185303,17.8166656494141,1324,242,29,77.1184921264648,650,98,375,104,14.0166664123535,67.7133636474609,216.952026367188,30.8999996185303,10.1999998092651,20.7000007629395,22.1000003814697,18.783332824707
"3",20.8333339691162,23.1499996185303,17.7333335876465,1408,254,32,75.9541244506836,685,109,393,116,13.6999998092651,66.8292694091797,219.889770507812,30.7999992370605,10.3000001907349,20.5,22.1000003814697,18.716667175293
"4",20.9874992370605,23.3166656494141,17.8833332061768,1417,255,32,76.3230209350586,690,108,397,114,13.7250003814697,66.9512252807617,220.785003662109,31,10.5,20.5,22.2666664123535,18.8500003814697
"5",20.970832824707,23.2999992370605,17.8500003814697,1411,254,32,76.601806640625,688,107,397,114,13.7583332061768,66.7880249023438,221.518096923828,31,10.3999996185303,20.6000003814697,22.2666664123535,18.7999992370605
