"","wc2.1_30s_bio_1","wc2.1_30s_bio_10","wc2.1_30s_bio_11","wc2.1_30s_bio_12","wc2.1_30s_bio_13","wc2.1_30s_bio_14","wc2.1_30s_bio_15","wc2.1_30s_bio_16","wc2.1_30s_bio_17","wc2.1_30s_bio_18","wc2.1_30s_bio_19","wc2.1_30s_bio_2","wc2.1_30s_bio_3","wc2.1_30s_bio_4","wc2.1_30s_bio_5","wc2.1_30s_bio_6","wc2.1_30s_bio_7","wc2.1_30s_bio_8","wc2.1_30s_bio_9"
"1",19.9500007629395,21.5833339691162,17.8833332061768,2117,379,34,77.77685546875,1024,128,573,162,11.6999998092651,68.0232543945312,147.725189208984,28.6000003814697,11.3999996185303,17.2000007629395,20.9333343505859,18.5666656494141
"2",25.466667175293,27.5999984741211,22.7000007629395,2879,463,94,52.3958282470703,1213,312,616,445,10.6833324432373,60.7007598876953,202.600494384766,34.5999984741211,17,17.5999984741211,26.25,25.1000003814697
"3",24.0375003814697,26.5499992370605,20.8666667938232,2762,519,57,78.5807189941406,1426,189,634,241,11.2583332061768,60.5286712646484,230.327087402344,33.5,14.8999996185303,18.6000003814697,25.3333339691162,21.7666664123535
"4",22.904167175293,25.3500003814697,19.9333324432373,2971,538,68,75.2151260375977,1503,221,648,284,11.7416667938232,62.1252212524414,218.314392089844,32.2999992370605,13.3999996185303,18.8999996185303,24.0499992370605,22.7333335876465
