"","wc2.1_30s_bio_1","wc2.1_30s_bio_10","wc2.1_30s_bio_11","wc2.1_30s_bio_12","wc2.1_30s_bio_13","wc2.1_30s_bio_14","wc2.1_30s_bio_15","wc2.1_30s_bio_16","wc2.1_30s_bio_17","wc2.1_30s_bio_18","wc2.1_30s_bio_19","wc2.1_30s_bio_2","wc2.1_30s_bio_3","wc2.1_30s_bio_4","wc2.1_30s_bio_5","wc2.1_30s_bio_6","wc2.1_30s_bio_7","wc2.1_30s_bio_8","wc2.1_30s_bio_9"
"1",18.5125007629395,18.8333339691162,18.0499992370605,2279,285,57,39.6443672180176,789,273,598,566,9.97500038146973,89.8648681640625,33.4477195739746,24.2999992370605,13.1999998092651,11.0999994277954,18.283332824707,18.3833332061768
"2",14.9166669845581,15.3500003814697,14.466667175293,2378,292,58,38.6239204406738,825,277,728,387,8.83333396911621,89.2255935668945,38.4550132751465,19.8999996185303,10,9.89999961853027,14.7666673660278,14.5333337783813
"3",15.8291664123535,16.4333343505859,15.3666667938232,2504,316,81,42.5975494384766,923,276,659,607,9.15833377838135,87.2222137451172,42.6645660400391,21.2000007629395,10.6999998092651,10.5000009536743,15.5500001907349,15.533332824707
