"","wc2.1_30s_bio_1","wc2.1_30s_bio_10","wc2.1_30s_bio_11","wc2.1_30s_bio_12","wc2.1_30s_bio_13","wc2.1_30s_bio_14","wc2.1_30s_bio_15","wc2.1_30s_bio_16","wc2.1_30s_bio_17","wc2.1_30s_bio_18","wc2.1_30s_bio_19","wc2.1_30s_bio_2","wc2.1_30s_bio_3","wc2.1_30s_bio_4","wc2.1_30s_bio_5","wc2.1_30s_bio_6","wc2.1_30s_bio_7","wc2.1_30s_bio_8","wc2.1_30s_bio_9"
"1",8.10833358764648,9.48333358764648,6.44999980926514,1957,309,32,59.8321990966797,782,124,642,124,9.5,70.8955230712891,125.929878234863,14.1000003814697,0.699999988079071,13.4000005722046,9.41666698455811,6.44999980926514
"2",14.5124998092651,15.8166666030884,12.8333330154419,1471,228,36,53.6126747131348,565,134,482,134,10.4749994277954,73.7676010131836,123.198387145996,20.8999996185303,6.69999980926514,14.1999998092651,15.7333335876465,13
"3",18.5375003814697,20.1833324432373,16.6333332061768,2201,431,66,59.7775611877441,890,209,617,209,9.125,67.095588684082,142.989593505859,25,11.3999996185303,13.6000003814697,19.7999992370605,16.6333332061768
"4",21.4125003814697,23.0666656494141,19.5166664123535,2074,405,64,59.4019203186035,822,209,570,209,9.32499980926514,67.5724639892578,143.164321899414,28,14.1999998092651,13.8000001907349,22.6499996185303,19.5166664123535
"5",25.5458335876465,26.783332824707,23.9166660308838,1307,201,11,74.374137878418,576,46,570,46,11.6750001907349,75.8116912841797,116.257125854492,32.7999992370605,17.3999996185303,15.3999996185303,26.533332824707,23.9166660308838
