"","wc2.1_30s_bio_1","wc2.1_30s_bio_10","wc2.1_30s_bio_11","wc2.1_30s_bio_12","wc2.1_30s_bio_13","wc2.1_30s_bio_14","wc2.1_30s_bio_15","wc2.1_30s_bio_16","wc2.1_30s_bio_17","wc2.1_30s_bio_18","wc2.1_30s_bio_19","wc2.1_30s_bio_2","wc2.1_30s_bio_3","wc2.1_30s_bio_4","wc2.1_30s_bio_5","wc2.1_30s_bio_6","wc2.1_30s_bio_7","wc2.1_30s_bio_8","wc2.1_30s_bio_9"
"1",25.3833332061768,26.5,23.9833335876465,1123,140,41,34.225170135498,396,151,356,151,7.06666660308838,69.9670028686523,104.519104003906,30.2999992370605,20.2000007629395,10.0999984741211,26,23.9833335876465
"2",25.3833332061768,26.5,23.9833335876465,1123,140,41,34.225170135498,396,151,356,151,7.06666660308838,69.9670028686523,104.519104003906,30.2999992370605,20.2000007629395,10.0999984741211,26,23.9833335876465
"3",25.3833332061768,26.5,23.9833335876465,1123,140,41,34.225170135498,396,151,356,151,7.06666660308838,69.9670028686523,104.519104003906,30.2999992370605,20.2000007629395,10.0999984741211,26,23.9833335876465
"4",25.3833332061768,26.5,23.9833335876465,1123,140,41,34.225170135498,396,151,356,151,7.06666660308838,69.9670028686523,104.519104003906,30.2999992370605,20.2000007629395,10.0999984741211,26,23.9833335876465
"5",25.3833332061768,26.5,23.9833335876465,1123,140,41,34.225170135498,396,151,356,151,7.06666660308838,69.9670028686523,104.519104003906,30.2999992370605,20.2000007629395,10.0999984741211,26,23.9833335876465
"6",25.3833332061768,26.5,23.9833335876465,1123,140,41,34.225170135498,396,151,356,151,7.06666660308838,69.9670028686523,104.519104003906,30.2999992370605,20.2000007629395,10.0999984741211,26,23.9833335876465
"7",25.7250003814697,26.966667175293,24.1833343505859,1501,190,59,36.5001945495605,554,209,442,209,6.56666660308838,67.0068054199219,117.211921691895,30.2999992370605,20.5,9.79999923706055,26.7666664123535,24.1833343505859
