"","wc2.1_30s_bio_1","wc2.1_30s_bio_10","wc2.1_30s_bio_11","wc2.1_30s_bio_12","wc2.1_30s_bio_13","wc2.1_30s_bio_14","wc2.1_30s_bio_15","wc2.1_30s_bio_16","wc2.1_30s_bio_17","wc2.1_30s_bio_18","wc2.1_30s_bio_19","wc2.1_30s_bio_2","wc2.1_30s_bio_3","wc2.1_30s_bio_4","wc2.1_30s_bio_5","wc2.1_30s_bio_6","wc2.1_30s_bio_7","wc2.1_30s_bio_8","wc2.1_30s_bio_9"
"1",21.2749996185303,22.8500003814697,19.4333343505859,2091,419,68,60.6019325256348,842,208,564,208,9.14999961853027,67.7777709960938,138.326049804688,27.7000007629395,14.1999998092651,13.5000009536743,22.5166664123535,19.4333343505859
"2",21.5541667938232,22.966667175293,19.966667175293,2161,438,62,61.8273162841797,878,204,585,204,9.52500057220459,70.5555572509766,121.869110107422,27.8999996185303,14.3999996185303,13.5,22.6499996185303,19.966667175293
"3",22,23.6666679382324,20.0666656494141,2027,406,69,59.9976615905762,808,210,535,210,9.14999961853027,67.279411315918,145.32096862793,28.5,14.8999996185303,13.6000003814697,23.2999992370605,20.0666656494141
"4",23.3916664123535,24.8500003814697,21.6666679382324,1903,386,56,61.692626953125,771,180,511,180,9.69999980926514,69.7841720581055,129.717056274414,29.7999992370605,15.8999996185303,13.8999996185303,24.5833339691162,21.6666679382324
"5",23.9458332061768,25.3166656494141,22.3666667938232,1793,281,66,46.7075691223145,615,216,485,238,9.69166660308838,70.7420883178711,118.847862243652,30.5,16.7999992370605,13.7000007629395,24.9166660308838,22.6000003814697
"6",23.875,25.3500003814697,22.1499996185303,2051,433,67,62.3983688354492,814,218,500,218,9.60000038146973,69.5652084350586,130.810409545898,30.2000007629395,16.3999996185303,13.8000011444092,25.0833339691162,22.1499996185303
"7",25.0791664123535,26.4333343505859,23.466667175293,2008,411,71,59.5032501220703,782,226,505,226,10.0249996185303,71.0992889404297,121.887786865234,31.3999996185303,17.2999992370605,14.1000003814697,26.2000007629395,23.466667175293
