"","wc2.1_30s_bio_1","wc2.1_30s_bio_10","wc2.1_30s_bio_11","wc2.1_30s_bio_12","wc2.1_30s_bio_13","wc2.1_30s_bio_14","wc2.1_30s_bio_15","wc2.1_30s_bio_16","wc2.1_30s_bio_17","wc2.1_30s_bio_18","wc2.1_30s_bio_19","wc2.1_30s_bio_2","wc2.1_30s_bio_3","wc2.1_30s_bio_4","wc2.1_30s_bio_5","wc2.1_30s_bio_6","wc2.1_30s_bio_7","wc2.1_30s_bio_8","wc2.1_30s_bio_9"
"1",25.7291660308838,28.1000003814697,22.4833335876465,3005,478,64,59.2063751220703,1294,249,549,468,9.85833358764648,57.9901962280273,232.715744018555,35,18,17,26.7000007629395,25.1666660308838
"2",21.4375,23.3999996185303,18.7666664123535,2312,373,31,67.9372711181641,1056,144,403,312,8.62499904632568,58.6734657287598,191.360260009766,29,14.3000001907349,14.6999998092651,22.7000007629395,20.8833332061768
"3",21.841667175293,23.8500003814697,19.1000003814697,2235,361,29,68.3028411865234,1023,137,391,298,8.66666698455811,58.1655502319336,196.270156860352,29.5,14.6000003814697,14.8999996185303,23.1333332061768,21.2666664123535
"4",25.216667175293,27.7666664123535,21.966667175293,2052,408,27,76.6540374755859,1021,95,337,222,9.83333396911621,56.5134048461914,234.543411254883,34.4000015258789,17,17.4000015258789,26.033332824707,24.6833343505859
"5",21.4750003814697,23.6000003814697,18.7000007629395,2551,434,37,71.0459365844727,1204,150,452,300,9.21666622161865,58.7048835754395,201.838150024414,29.5,13.8000001907349,15.6999998092651,22.7666664123535,20.9500007629395
"6",23.595832824707,25.9500007629395,20.5499992370605,2277,406,31,70.9402694702148,1057,120,379,277,9.57499980926514,57.680721282959,219.487609863281,32.2000007629395,15.6000003814697,16.6000003814697,24.4166660308838,23.0666656494141
"7",22.5499992370605,24.7999992370605,19.6166667938232,2429,415,33,69.3513336181641,1114,141,414,309,9.30000019073486,57.7639770507812,210.961013793945,30.7999992370605,14.6999998092651,16.0999984741211,23.8333339691162,22.0500011444092
"8",18.7666664123535,20.6000003814697,16.3999996185303,3016,509,51,69.4580001831055,1426,201,540,372,8.18333339691162,59.2995185852051,172.459915161133,25.7999992370605,12,13.7999992370605,19.8500003814697,18.3333339691162
