"","wc2.1_30s_bio_1","wc2.1_30s_bio_10","wc2.1_30s_bio_11","wc2.1_30s_bio_12","wc2.1_30s_bio_13","wc2.1_30s_bio_14","wc2.1_30s_bio_15","wc2.1_30s_bio_16","wc2.1_30s_bio_17","wc2.1_30s_bio_18","wc2.1_30s_bio_19","wc2.1_30s_bio_2","wc2.1_30s_bio_3","wc2.1_30s_bio_4","wc2.1_30s_bio_5","wc2.1_30s_bio_6","wc2.1_30s_bio_7","wc2.1_30s_bio_8","wc2.1_30s_bio_9"
"1",18.7124996185303,19.3500003814697,17.8166656494141,1331,308,40,64.9214553833008,525,148,257,213,8.94166660308838,77.0833282470703,63.5010719299316,24.1000003814697,12.5,11.6000003814697,19.0166664123535,18.0666675567627
"2",17.033332824707,17.8333339691162,15.9833335876465,1546,269,18,61.2265892028809,647,99,398,99,8.66666603088379,75.3623199462891,76.1378326416016,22.2999992370605,10.8000001907349,11.4999990463257,17.1333332061768,15.9833335876465
