"","wc2.1_30s_bio_1","wc2.1_30s_bio_10","wc2.1_30s_bio_11","wc2.1_30s_bio_12","wc2.1_30s_bio_13","wc2.1_30s_bio_14","wc2.1_30s_bio_15","wc2.1_30s_bio_16","wc2.1_30s_bio_17","wc2.1_30s_bio_18","wc2.1_30s_bio_19","wc2.1_30s_bio_2","wc2.1_30s_bio_3","wc2.1_30s_bio_4","wc2.1_30s_bio_5","wc2.1_30s_bio_6","wc2.1_30s_bio_7","wc2.1_30s_bio_8","wc2.1_30s_bio_9"
"1",26.6625003814697,27.466667175293,25.5166664123535,1962,296,78,42.9809150695801,757,252,578,298,5.92500019073486,72.2560882568359,85.2036666870117,30.6000003814697,22.3999996185303,8.20000076293945,27.3833332061768,25.9166660308838
"2",26.4958324432373,27.1833343505859,25.466667175293,1574,225,47,43.9986724853516,590,178,521,208,5.65833377838135,72.5427474975586,73.5297698974609,30.2999992370605,22.5,7.79999923706055,26.9500007629395,25.75
"3",26.9166660308838,27.5833339691162,25.8999996185303,1381,207,45,50.5353088378906,577,151,477,154,5.73333358764648,73.504264831543,72.2474670410156,30.7000007629395,22.8999996185303,7.80000114440918,27.3833332061768,26.1499996185303
"4",27.0625,27.75,26.0499992370605,1397,256,50,48.29443359375,579,180,400,256,5.42499971389771,71.381591796875,70.7789459228516,30.7999992370605,23.2000007629395,7.59999847412109,27.216667175293,26.7666664123535
