"","wc2.1_30s_bio_1","wc2.1_30s_bio_10","wc2.1_30s_bio_11","wc2.1_30s_bio_12","wc2.1_30s_bio_13","wc2.1_30s_bio_14","wc2.1_30s_bio_15","wc2.1_30s_bio_16","wc2.1_30s_bio_17","wc2.1_30s_bio_18","wc2.1_30s_bio_19","wc2.1_30s_bio_2","wc2.1_30s_bio_3","wc2.1_30s_bio_4","wc2.1_30s_bio_5","wc2.1_30s_bio_6","wc2.1_30s_bio_7","wc2.1_30s_bio_8","wc2.1_30s_bio_9"
"1",26.5625,27.5499992370605,25.5,947,120,39,33.7090950012207,334,141,333,141,6.44166660308838,72.3782806396484,84.372688293457,30.8999996185303,22,8.89999961853027,27.216667175293,25.5
"2",26.5625,27.5499992370605,25.5,947,120,39,33.7090950012207,334,141,333,141,6.44166660308838,72.3782806396484,84.372688293457,30.8999996185303,22,8.89999961853027,27.216667175293,25.5
"3",26.5625,27.5499992370605,25.5,947,120,39,33.7090950012207,334,141,333,141,6.44166660308838,72.3782806396484,84.372688293457,30.8999996185303,22,8.89999961853027,27.216667175293,25.5
"4",26.5625,27.5499992370605,25.5,947,120,39,33.7090950012207,334,141,333,141,6.44166660308838,72.3782806396484,84.372688293457,30.8999996185303,22,8.89999961853027,27.216667175293,25.5
"5",26.5625,27.5499992370605,25.5,947,120,39,33.7090950012207,334,141,333,141,6.44166660308838,72.3782806396484,84.372688293457,30.8999996185303,22,8.89999961853027,27.216667175293,25.5
"6",26.5625,27.5499992370605,25.5,947,120,39,33.7090950012207,334,141,333,141,6.44166660308838,72.3782806396484,84.372688293457,30.8999996185303,22,8.89999961853027,27.216667175293,25.5
"7",26.5625,27.5499992370605,25.5,947,120,39,33.7090950012207,334,141,333,141,6.44166660308838,72.3782806396484,84.372688293457,30.8999996185303,22,8.89999961853027,27.216667175293,25.5
"8",26.625,27.6000003814697,25.5499992370605,947,119,40,33.0567169189453,334,143,332,145,6.36666679382324,72.3484878540039,84.4366302490234,30.8999996185303,22.1000003814697,8.79999923706055,27.2666664123535,25.783332824707
