"","wc2.1_30s_bio_1","wc2.1_30s_bio_10","wc2.1_30s_bio_11","wc2.1_30s_bio_12","wc2.1_30s_bio_13","wc2.1_30s_bio_14","wc2.1_30s_bio_15","wc2.1_30s_bio_16","wc2.1_30s_bio_17","wc2.1_30s_bio_18","wc2.1_30s_bio_19","wc2.1_30s_bio_2","wc2.1_30s_bio_3","wc2.1_30s_bio_4","wc2.1_30s_bio_5","wc2.1_30s_bio_6","wc2.1_30s_bio_7","wc2.1_30s_bio_8","wc2.1_30s_bio_9"
"1",20.2458324432373,21.033332824707,19.5166664123535,3565,545,98,42.5009346008301,1312,412,540,1031,8.80833339691162,78.6458358764648,60.6577033996582,25.8999996185303,14.6999998092651,11.1999998092651,19.6833324432373,20.6166667938232
"2",20.2458324432373,21.033332824707,19.5166664123535,3565,545,98,42.5009346008301,1312,412,540,1031,8.80833339691162,78.6458358764648,60.6577033996582,25.8999996185303,14.6999998092651,11.1999998092651,19.6833324432373,20.6166667938232
"3",20.2458324432373,21.033332824707,19.5166664123535,3565,545,98,42.5009346008301,1312,412,540,1031,8.80833339691162,78.6458358764648,60.6577033996582,25.8999996185303,14.6999998092651,11.1999998092651,19.6833324432373,20.6166667938232
"4",20.2458324432373,21.033332824707,19.5166664123535,3565,545,98,42.5009346008301,1312,412,540,1031,8.80833339691162,78.6458358764648,60.6577033996582,25.8999996185303,14.6999998092651,11.1999998092651,19.6833324432373,20.6166667938232
"5",17.7000007629395,18.5166664123535,16.8666667938232,3019,366,170,27.7071762084961,1014,521,622,694,9.36666679382324,78.055549621582,68.5896987915039,23.7000007629395,11.6999998092651,12.0000009536743,17.3666667938232,17.3666667938232
"6",19.9333324432373,20.7999992370605,19.1166667938232,3352,495,123,35.3481140136719,1150,469,631,883,9.38333320617676,78.8515396118164,67.6331558227539,26,14.1000003814697,11.8999996185303,19.533332824707,20.3333339691162
"7",21.5708332061768,22.4500007629395,20.783332824707,3142,369,133,29.9062271118164,1008,445,542,808,9.625,81.5677947998047,66.2110366821289,27.7999992370605,16,11.7999992370605,21.1333332061768,22.033332824707
"8",21.5708332061768,22.4500007629395,20.783332824707,3142,369,133,29.9062271118164,1008,445,542,808,9.625,81.5677947998047,66.2110366821289,27.7999992370605,16,11.7999992370605,21.1333332061768,22.033332824707
"9",21.5708332061768,22.4500007629395,20.783332824707,3142,369,133,29.9062271118164,1008,445,542,808,9.625,81.5677947998047,66.2110366821289,27.7999992370605,16,11.7999992370605,21.1333332061768,22.033332824707
