"","wc2.1_30s_bio_1","wc2.1_30s_bio_10","wc2.1_30s_bio_11","wc2.1_30s_bio_12","wc2.1_30s_bio_13","wc2.1_30s_bio_14","wc2.1_30s_bio_15","wc2.1_30s_bio_16","wc2.1_30s_bio_17","wc2.1_30s_bio_18","wc2.1_30s_bio_19","wc2.1_30s_bio_2","wc2.1_30s_bio_3","wc2.1_30s_bio_4","wc2.1_30s_bio_5","wc2.1_30s_bio_6","wc2.1_30s_bio_7","wc2.1_30s_bio_8","wc2.1_30s_bio_9"
"1",26.5375003814697,27.2666664123535,25.9833335876465,2693,419,11,61.0169448852539,1093,117,362,748,5.64166641235352,77.283088684082,51.6599540710449,30.2000007629395,22.8999996185303,7.30000114440918,26.1666660308838,26.5499992370605
"2",25.0125007629395,25.9833335876465,24.25,2893,381,35,53.304012298584,1077,171,508,661,5.99166631698608,74.8958282470703,69.8089752197266,29.1000003814697,21.1000003814697,8,24.3999996185303,25.0666675567627
"3",27.0708332061768,28.0166664123535,26.3666667938232,2087,339,6,70.2950897216797,883,58,321,673,6.85833358764648,76.2037048339844,67.2667007446289,31.7999992370605,22.7999992370605,9,26.6000003814697,27.3833332061768
