"","wc2.1_30s_bio_1","wc2.1_30s_bio_10","wc2.1_30s_bio_11","wc2.1_30s_bio_12","wc2.1_30s_bio_13","wc2.1_30s_bio_14","wc2.1_30s_bio_15","wc2.1_30s_bio_16","wc2.1_30s_bio_17","wc2.1_30s_bio_18","wc2.1_30s_bio_19","wc2.1_30s_bio_2","wc2.1_30s_bio_3","wc2.1_30s_bio_4","wc2.1_30s_bio_5","wc2.1_30s_bio_6","wc2.1_30s_bio_7","wc2.1_30s_bio_8","wc2.1_30s_bio_9"
"1",26.6000003814697,27.5666656494141,25.8333339691162,2942,458,25,62.9543495178223,1260,131,559,866,8.39999961853027,74.9999923706055,69.0520172119141,32.5,21.2999992370605,11.2000007629395,26.1666679382324,26.8333339691162
"2",26.4624996185303,27.4333343505859,25.8166656494141,3026,531,30,71.698127746582,1416,107,181,1416,9.04166698455811,73.5094833374023,68.4611892700195,33.2000007629395,20.8999996185303,12.3000011444092,25.8166656494141,26.966667175293
"3",23.8583335876465,24.5833339691162,23.4166660308838,2805,524,15,72.6951065063477,1269,100,511,879,8.89999961853027,78.0701751708984,47.4740753173828,30,18.6000003814697,11.3999996185303,23.5833339691162,23.966667175293
"4",27.4125003814697,28.3833332061768,26.7000007629395,2022,342,3,68.8374252319336,839,56,409,636,8.90833377838135,79.538688659668,67.390495300293,33.5,22.2999992370605,11.2000007629395,26.75,27.8333339691162
"5",26.9166660308838,27.8166656494141,26.2333335876465,1691,296,0,79.7510528564453,863,19,227,863,8.66666698455811,79.5107116699219,65.6552124023438,33,22.1000003814697,10.8999996185303,26.2333335876465,27.4500007629395
"6",25.1791667938232,26.3500003814697,24.25,2134,363,7,75.4061431884766,980,36,148,880,8.875,77.1739120483398,83.759895324707,31.7000007629395,20.2000007629395,11.5,24.25,25.966667175293
"7",26.9416656494141,27.7333335876465,26.4500007629395,2204,358,11,66.88720703125,899,62,140,798,7.31666660308838,78.6738433837891,58.0295104980469,31.7999992370605,22.5,9.29999923706055,26.4500007629395,27.3500003814697
