"","wc2.1_30s_bio_1","wc2.1_30s_bio_10","wc2.1_30s_bio_11","wc2.1_30s_bio_12","wc2.1_30s_bio_13","wc2.1_30s_bio_14","wc2.1_30s_bio_15","wc2.1_30s_bio_16","wc2.1_30s_bio_17","wc2.1_30s_bio_18","wc2.1_30s_bio_19","wc2.1_30s_bio_2","wc2.1_30s_bio_3","wc2.1_30s_bio_4","wc2.1_30s_bio_5","wc2.1_30s_bio_6","wc2.1_30s_bio_7","wc2.1_30s_bio_8","wc2.1_30s_bio_9"
"1",26.6166667938232,27.5166664123535,25.9333343505859,3174,492,42,62.5580825805664,1306,148,571,1064,7.93333339691162,74.8427658081055,63.9720649719238,32.2000007629395,21.6000003814697,10.6000003814697,26,26.9833335876465
"2",23.8583335876465,24.5833339691162,23.4166660308838,2805,524,15,72.6951065063477,1269,100,511,879,8.89999961853027,78.0701751708984,47.4740753173828,30,18.6000003814697,11.3999996185303,23.5833339691162,23.966667175293
"3",26.220832824707,27.216667175293,25.5666675567627,2785,492,14,73.9228210449219,1307,98,132,1307,9.05833339691162,72.4666748046875,69.4608383178711,33.0999984741211,20.6000003814697,12.4999980926514,25.5666675567627,26.7333335876465
"4",26.0666675567627,26.8999996185303,25.533332824707,2237,362,19,62.326488494873,939,82,208,939,7.46666669845581,78.5964889526367,60.088321685791,31.1000003814697,21.6000003814697,9.5,25.533332824707,26.5
"5",25.7083339691162,26.5833339691162,25.033332824707,2612,389,18,53.9141845703125,1028,155,427,959,6.08333349227905,77.0042266845703,62.9152870178223,29.7999992370605,21.8999996185303,7.89999961853027,25.1499996185303,25.75
"6",27.0125007629395,27.4833335876465,26.6666660308838,2143,306,11,63.4209518432617,871,63,493,541,7.84166669845581,86.1721725463867,33.9200286865234,31.7999992370605,22.7000007629395,9.09999847412109,27.0833339691162,27.1499996185303
"7",16.3083324432373,17.033332824707,15.5,1942,388,23,70.3472595214844,742,112,502,113,8.66666698455811,76.6961669921875,63.6693572998047,21.5,10.1999998092651,11.3000001907349,16.216667175293,15.6999998092651
