"","wc2.1_30s_bio_1","wc2.1_30s_bio_10","wc2.1_30s_bio_11","wc2.1_30s_bio_12","wc2.1_30s_bio_13","wc2.1_30s_bio_14","wc2.1_30s_bio_15","wc2.1_30s_bio_16","wc2.1_30s_bio_17","wc2.1_30s_bio_18","wc2.1_30s_bio_19","wc2.1_30s_bio_2","wc2.1_30s_bio_3","wc2.1_30s_bio_4","wc2.1_30s_bio_5","wc2.1_30s_bio_6","wc2.1_30s_bio_7","wc2.1_30s_bio_8","wc2.1_30s_bio_9"
"1",27.0375003814697,27.7333335876465,26.2666664123535,1460,295,10,70.7079238891602,681,62,201,465,11.1749992370605,79.8214263916016,59.5103187561035,34.2999992370605,20.2999992370605,14,26.6166667938232,26.8833332061768
"2",27.841667175293,28.466667175293,27.283332824707,1180,231,1,80.0392684936523,576,14,240,120,10.4666662216187,81.7708358764648,48.9820671081543,34,21.2000007629395,12.7999992370605,27.6166667938232,27.75
"3",27.7708339691162,28.3999996185303,27.1166667938232,896,183,1,81.2129592895508,476,18,226,208,8.82499980926514,80.9633026123047,54.5001182556152,32.7999992370605,21.8999996185303,10.8999996185303,27.5,27.3666667938232
"4",27.8166675567627,28.7666664123535,26.9333343505859,1002,266,15,88.2033996582031,541,46,214,58,9.80000019073486,78.3999862670898,73.7420196533203,33.9000015258789,21.3999996185303,12.5000019073486,27.5833339691162,27.216667175293
"5",28.4333324432373,29.0666656494141,27.5499992370605,1392,294,14,70.613166809082,608,58,209,436,11.1000003814697,81.0218963623047,64.8892059326172,35.5,21.7999992370605,13.7000007629395,28.0833339691162,28.216667175293
