"","wc2.1_30s_bio_1","wc2.1_30s_bio_10","wc2.1_30s_bio_11","wc2.1_30s_bio_12","wc2.1_30s_bio_13","wc2.1_30s_bio_14","wc2.1_30s_bio_15","wc2.1_30s_bio_16","wc2.1_30s_bio_17","wc2.1_30s_bio_18","wc2.1_30s_bio_19","wc2.1_30s_bio_2","wc2.1_30s_bio_3","wc2.1_30s_bio_4","wc2.1_30s_bio_5","wc2.1_30s_bio_6","wc2.1_30s_bio_7","wc2.1_30s_bio_8","wc2.1_30s_bio_9"
"1",22.3541660308838,23.4166660308838,21.0666675567627,1781,307,56,50.0245208740234,682,209,468,246,8.69166660308838,73.6581954956055,97.1282577514648,28,16.2000007629395,11.7999992370605,22.9333324432373,21.1000003814697
"2",23.1958332061768,24.1666660308838,22.033332824707,1919,331,49,57.0620918273926,774,178,580,178,9.15833282470703,76.3194427490234,88.6632690429688,28.8999996185303,16.8999996185303,12,24.0666656494141,22.033332824707
"3",25.0583324432373,26.2333335876465,23.7666664123535,1389,211,53,44.0973625183105,558,182,332,231,7.94999980926514,71.6216201782227,101.350730895996,30.3999996185303,19.2999992370605,11.1000003814697,25.4500007629395,24.216667175293
"4",28.283332824707,29.6000003814697,26.8999996185303,1391,192,41,49.8159561157227,513,140,511,150,8.36666679382324,72.1264419555664,110.006881713867,34.0999984741211,22.5,11.5999984741211,29.3333339691162,27.0499992370605
