"","wc2.1_30s_bio_1","wc2.1_30s_bio_10","wc2.1_30s_bio_11","wc2.1_30s_bio_12","wc2.1_30s_bio_13","wc2.1_30s_bio_14","wc2.1_30s_bio_15","wc2.1_30s_bio_16","wc2.1_30s_bio_17","wc2.1_30s_bio_18","wc2.1_30s_bio_19","wc2.1_30s_bio_2","wc2.1_30s_bio_3","wc2.1_30s_bio_4","wc2.1_30s_bio_5","wc2.1_30s_bio_6","wc2.1_30s_bio_7","wc2.1_30s_bio_8","wc2.1_30s_bio_9"
"1",21.4333343505859,21.8833332061768,20.75,2660,393,108,38.6760482788086,919,357,719,776,9.96666622161865,88.2005920410156,48.7262077331543,27.2999992370605,16,11.2999992370605,20.966667175293,21.0666656494141
"2",22.1166667938232,22.5833339691162,21.4500007629395,2748,324,97,36.4760665893555,872,320,749,674,10.033332824707,89.5833435058594,46.5799980163574,27.8999996185303,16.7000007629395,11.1999988555908,21.9833335876465,21.8166675567627
"3",22.9500007629395,23.3999996185303,22.3333320617676,2993,439,91,50.0250053405762,1163,290,798,820,8.69999980926514,88.775520324707,43.2224807739258,28,18.2000007629395,9.79999923706055,22.7666664123535,22.7000007629395
"4",23.3666667938232,23.8166656494141,22.7999992370605,2544,310,52,45.0441856384277,876,232,623,703,8.86666679382324,89.5622940063477,39.8481864929199,28.3999996185303,18.5,9.89999961853027,23.1666679382324,23.1666679382324
"5",20.658332824707,21.2333335876465,20.0166664123535,2970,342,109,36.7593536376953,978,380,775,695,8.5,85.8585891723633,51.4707870483398,25.7999992370605,15.8999996185303,9.89999961853027,20.466667175293,20.2333335876465
