"","wc2.1_30s_bio_1","wc2.1_30s_bio_10","wc2.1_30s_bio_11","wc2.1_30s_bio_12","wc2.1_30s_bio_13","wc2.1_30s_bio_14","wc2.1_30s_bio_15","wc2.1_30s_bio_16","wc2.1_30s_bio_17","wc2.1_30s_bio_18","wc2.1_30s_bio_19","wc2.1_30s_bio_2","wc2.1_30s_bio_3","wc2.1_30s_bio_4","wc2.1_30s_bio_5","wc2.1_30s_bio_6","wc2.1_30s_bio_7","wc2.1_30s_bio_8","wc2.1_30s_bio_9"
"1",25.1458339691162,27.216667175293,22.6166667938232,1466,228,24,66.7246627807617,615,91,560,91,10.0249996185303,65.0973968505859,185.110046386719,32.2000007629395,16.7999992370605,15.4000015258789,26.6666660308838,22.6166667938232
"2",24.8708324432373,27.1166667938232,22.2333335876465,1422,204,34,59.2070693969727,553,119,477,119,8.94166660308838,62.0949096679688,197.282196044922,31.7999992370605,17.3999996185303,14.3999996185303,26.6000003814697,22.2333335876465
