"","wc2.1_30s_bio_1","wc2.1_30s_bio_10","wc2.1_30s_bio_11","wc2.1_30s_bio_12","wc2.1_30s_bio_13","wc2.1_30s_bio_14","wc2.1_30s_bio_15","wc2.1_30s_bio_16","wc2.1_30s_bio_17","wc2.1_30s_bio_18","wc2.1_30s_bio_19","wc2.1_30s_bio_2","wc2.1_30s_bio_3","wc2.1_30s_bio_4","wc2.1_30s_bio_5","wc2.1_30s_bio_6","wc2.1_30s_bio_7","wc2.1_30s_bio_8","wc2.1_30s_bio_9"
"1",19.3708343505859,20.0499992370605,18.7999992370605,2759,482,17,71.5954513549805,1267,116,534,343,8.79166698455811,77.802360534668,50.7425880432129,25.1000003814697,13.8000001907349,11.3000001907349,19.25,18.8166656494141
"2",18.783332824707,19.4166660308838,18.1833343505859,2765,485,21,74.785530090332,1314,76,486,134,8.78333282470703,78.4226226806641,50.1965713500977,24.3999996185303,13.1999998092651,11.1999998092651,18.716667175293,18.533332824707
"3",17.6666660308838,18.2666664123535,17,3099,486,66,56.2271499633789,1286,222,805,360,8.85000038146973,78.3185806274414,50.7817611694336,23.2000007629395,11.8999996185303,11.3000011444092,17.6666660308838,17.3166675567627
"4",20.5208339691162,21.1333332061768,20.0666656494141,3311,427,72,38.1208381652832,1147,363,558,863,8.35833358764648,80.3685913085938,44.2338066101074,25.7999992370605,15.3999996185303,10.3999996185303,20.4166660308838,20.7666664123535
"5",21.4750003814697,22.0833339691162,21.0166664123535,3425,445,69,41.3896484375,1178,348,561,998,8.25,80.0970764160156,44.7975425720215,26.7000007629395,16.3999996185303,10.3000011444092,21.1499996185303,21.716667175293
"6",21.4750003814697,22.0833339691162,21.0166664123535,3425,445,69,41.3896484375,1178,348,561,998,8.25,80.0970764160156,44.7975425720215,26.7000007629395,16.3999996185303,10.3000011444092,21.1499996185303,21.716667175293
"7",22.4583339691162,23.0666675567627,22,3380,483,50,44.4695014953613,1220,298,516,1034,8.16666698455811,80.8580856323242,44.3556632995605,27.6000003814697,17.5,10.1000003814697,22.1333332061768,22.7000007629395
"8",20.1124992370605,20.8500003814697,19.5166664123535,3106,557,12,73.2275543212891,1437,71,537,500,8.82499980926514,77.4122848510742,52.7052345275879,26,14.6000003814697,11.3999996185303,19.9500007629395,20.0166664123535
"9",20.1124992370605,20.8500003814697,19.5166664123535,3106,557,12,73.2275543212891,1437,71,537,500,8.82499980926514,77.4122848510742,52.7052345275879,26,14.6000003814697,11.3999996185303,19.9500007629395,20.0166664123535
