"","wc2.1_30s_bio_1","wc2.1_30s_bio_10","wc2.1_30s_bio_11","wc2.1_30s_bio_12","wc2.1_30s_bio_13","wc2.1_30s_bio_14","wc2.1_30s_bio_15","wc2.1_30s_bio_16","wc2.1_30s_bio_17","wc2.1_30s_bio_18","wc2.1_30s_bio_19","wc2.1_30s_bio_2","wc2.1_30s_bio_3","wc2.1_30s_bio_4","wc2.1_30s_bio_5","wc2.1_30s_bio_6","wc2.1_30s_bio_7","wc2.1_30s_bio_8","wc2.1_30s_bio_9"
"1",13.3916664123535,14.4833335876465,11.8666667938232,1258,256,3,89.0596618652344,592,20,465,20,14.3500003814697,71.3930358886719,108.07893371582,23,2.90000009536743,20.1000003814697,14.1333332061768,11.8666667938232
"2",16.6041660308838,17.8833332061768,14.9166660308838,2220,325,66,53.3173065185547,896,224,555,303,9.82499980926514,70.6834487915039,122.445892333984,23.6000003814697,9.69999980926514,13.9000005722046,17.4166660308838,16.5833339691162
"3",18.6499996185303,19.8999996185303,16.966667175293,2398,342,77,54.1525993347168,956,255,590,292,11.1666669845581,72.5108261108398,121.599189758301,26.3999996185303,11,15.3999996185303,19.3666667938232,18.5833339691162
"4",13.6541662216187,15.0833330154419,11.5833330154419,1125,226,12,84.7835388183594,544,41,502,41,12.5749998092651,71.448860168457,148.376953125,21.7000007629395,4.09999990463257,17.6000003814697,15,11.5833330154419
