"","wc2.1_30s_bio_1","wc2.1_30s_bio_10","wc2.1_30s_bio_11","wc2.1_30s_bio_12","wc2.1_30s_bio_13","wc2.1_30s_bio_14","wc2.1_30s_bio_15","wc2.1_30s_bio_16","wc2.1_30s_bio_17","wc2.1_30s_bio_18","wc2.1_30s_bio_19","wc2.1_30s_bio_2","wc2.1_30s_bio_3","wc2.1_30s_bio_4","wc2.1_30s_bio_5","wc2.1_30s_bio_6","wc2.1_30s_bio_7","wc2.1_30s_bio_8","wc2.1_30s_bio_9"
"1",18.8333339691162,19.0499992370605,18.533332824707,2864,357,153,30.8173847198486,1030,469,823,963,8.93333339691162,90.2356872558594,20.4865016937256,23.7000007629395,13.8000001907349,9.90000057220459,18.6666660308838,18.8999996185303
"2",19.408332824707,19.6499996185303,19.2333335876465,1990,215,101,23.3463306427002,630,347,475,577,9.81666660308838,91.7445602416992,19.7522659301758,24.7999992370605,14.1000003814697,10.6999988555908,19.283332824707,19.466667175293
"3",13.8208332061768,14.1000003814697,13.4833335876465,1875,225,104,24.7547187805176,610,358,585,464,9.60833358764648,91.5079345703125,25.6247806549072,19.1000003814697,8.60000038146973,10.5,13.9499998092651,13.9333333969116
"4",17.5708332061768,17.9166660308838,17.2333335876465,2012,264,82,38.856990814209,693,277,425,665,9.52499961853027,89.8584899902344,30.3358688354492,23.1000003814697,12.5,10.6000003814697,17.25,17.5
"5",24.6875,25.783332824707,23.7333335876465,3036,430,21,61.1598205566406,1232,168,168,1232,9.82499980926514,78.5999984741211,80.7387847900391,31.7999992370605,19.2999992370605,12.5,23.7333335876465,25.783332824707
"6",21.0249996185303,21.3666667938232,20.6166667938232,1876,259,65,41.8135261535645,633,232,279,619,9.28333377838135,87.57861328125,31.5147762298584,26.7000007629395,16.1000003814697,10.6000003814697,20.7999992370605,21.216667175293
