"","wc2.1_30s_bio_1","wc2.1_30s_bio_10","wc2.1_30s_bio_11","wc2.1_30s_bio_12","wc2.1_30s_bio_13","wc2.1_30s_bio_14","wc2.1_30s_bio_15","wc2.1_30s_bio_16","wc2.1_30s_bio_17","wc2.1_30s_bio_18","wc2.1_30s_bio_19","wc2.1_30s_bio_2","wc2.1_30s_bio_3","wc2.1_30s_bio_4","wc2.1_30s_bio_5","wc2.1_30s_bio_6","wc2.1_30s_bio_7","wc2.1_30s_bio_8","wc2.1_30s_bio_9"
"1",18.3791656494141,18.7333335876465,17.8833332061768,1471,246,31,51.4449462890625,592,130,335,147,9.52499961853027,86.5909118652344,33.8081703186035,23.6000003814697,12.6000003814697,11,18.5,18.1833343505859
"2",17.9333324432373,18.283332824707,17.3999996185303,1450,238,29,54.4394645690918,570,117,378,134,9.38333320617676,86.0856323242188,36.0765190124512,23,12.1000003814697,10.8999996185303,18.0666675567627,17.6833324432373
"3",19.3166656494141,19.7000007629395,18.6499996185303,1432,281,37,52.6545028686523,545,183,318,218,9.16666603088379,84.0978546142578,44.8397903442383,24.6000003814697,13.6999998092651,10.9000005722046,19.3833332061768,18.966667175293
"4",19.1208343505859,19.533332824707,18.3999996185303,1211,175,22,49.8550720214844,474,99,424,111,7.625,79.4270782470703,50.6080474853516,23.6000003814697,14,9.60000038146973,19.4833335876465,18.6499996185303
"5",19.1208343505859,19.533332824707,18.3999996185303,1211,175,22,49.8550720214844,474,99,424,111,7.625,79.4270782470703,50.6080474853516,23.6000003814697,14,9.60000038146973,19.4833335876465,18.6499996185303
"6",20.2749996185303,20.6833343505859,19.6666660308838,1195,166,21,51.0802345275879,457,93,323,123,8.18333339691162,81.8333282470703,44.0299606323242,24.8999996185303,14.8999996185303,10,20.2666664123535,19.8833332061768
"7",20.2749996185303,20.6833343505859,19.6666660308838,1195,166,21,51.0802345275879,457,93,323,123,8.18333339691162,81.8333282470703,44.0299606323242,24.8999996185303,14.8999996185303,10,20.2666664123535,19.8833332061768
"8",17.9333324432373,18.283332824707,17.3999996185303,1450,238,29,54.4394645690918,570,117,378,134,9.38333320617676,86.0856323242188,36.0765190124512,23,12.1000003814697,10.8999996185303,18.0666675567627,17.6833324432373
