"","wc2.1_30s_bio_1","wc2.1_30s_bio_10","wc2.1_30s_bio_11","wc2.1_30s_bio_12","wc2.1_30s_bio_13","wc2.1_30s_bio_14","wc2.1_30s_bio_15","wc2.1_30s_bio_16","wc2.1_30s_bio_17","wc2.1_30s_bio_18","wc2.1_30s_bio_19","wc2.1_30s_bio_2","wc2.1_30s_bio_3","wc2.1_30s_bio_4","wc2.1_30s_bio_5","wc2.1_30s_bio_6","wc2.1_30s_bio_7","wc2.1_30s_bio_8","wc2.1_30s_bio_9"
"1",25.2000007629395,27.033332824707,23.1666660308838,1233,186,30,56.4076309204102,475,96,415,96,8.36666679382324,63.8676795959473,156.466659545898,31.5,18.3999996185303,13.1000003814697,26.3666667938232,23.1666660308838
"2",26.2625007629395,28.3833332061768,23.8833332061768,960,152,32,52.7499580383301,378,102,255,113,8.99166679382324,62.4421310424805,182.696029663086,33.2999992370605,18.8999996185303,14.3999996185303,26.9499988555908,24.0666656494141
