"","wc2.1_30s_bio_1","wc2.1_30s_bio_10","wc2.1_30s_bio_11","wc2.1_30s_bio_12","wc2.1_30s_bio_13","wc2.1_30s_bio_14","wc2.1_30s_bio_15","wc2.1_30s_bio_16","wc2.1_30s_bio_17","wc2.1_30s_bio_18","wc2.1_30s_bio_19","wc2.1_30s_bio_2","wc2.1_30s_bio_3","wc2.1_30s_bio_4","wc2.1_30s_bio_5","wc2.1_30s_bio_6","wc2.1_30s_bio_7","wc2.1_30s_bio_8","wc2.1_30s_bio_9"
"1",22,23.6666679382324,20.0666656494141,2027,406,69,59.9976615905762,808,210,535,210,9.14999961853027,67.279411315918,145.32096862793,28.5,14.8999996185303,13.6000003814697,23.2999992370605,20.0666656494141
"2",22.4500007629395,23.8833332061768,20.8333339691162,2153,440,64,61.5605354309082,866,212,565,212,9.61666679382324,70.7107849121094,123.435661315918,28.7999992370605,15.1999998092651,13.5999994277954,23.5666656494141,20.8333339691162
"3",25.7916660308838,27.1000003814697,24.283332824707,1939,363,76,53.2513542175293,725,239,488,239,10.3499994277954,71.8749923706055,115.499572753906,32.2000007629395,17.7999992370605,14.4000015258789,26.8666667938232,24.283332824707
