"","wc2.1_30s_bio_1","wc2.1_30s_bio_10","wc2.1_30s_bio_11","wc2.1_30s_bio_12","wc2.1_30s_bio_13","wc2.1_30s_bio_14","wc2.1_30s_bio_15","wc2.1_30s_bio_16","wc2.1_30s_bio_17","wc2.1_30s_bio_18","wc2.1_30s_bio_19","wc2.1_30s_bio_2","wc2.1_30s_bio_3","wc2.1_30s_bio_4","wc2.1_30s_bio_5","wc2.1_30s_bio_6","wc2.1_30s_bio_7","wc2.1_30s_bio_8","wc2.1_30s_bio_9"
"1",25.8250007629395,26.7333335876465,25.2666664123535,2298,401,7,72.2088088989258,990,32,377,803,7.81666660308838,78.9562301635742,62.1764297485352,31.1000003814697,21.2000007629395,9.89999961853027,25.2666664123535,26.1499996185303
"2",22.8083324432373,23.5833339691162,22.3166656494141,3495,472,37,44.9111366271973,1251,326,526,1076,7.69999980926514,81.0526275634766,51.9979629516602,27.7999992370605,18.2999992370605,9.5,22.3500003814697,23.216667175293
"3",23.1499996185303,23.9166660308838,22.6499996185303,3376,477,50,46.1394653320312,1292,304,504,1075,7.68333339691162,81.7375946044922,51.2125701904297,28.1000003814697,18.7000007629395,9.39999961853027,22.7000007629395,23.5666656494141
"4",22.8083324432373,23.5833339691162,22.3166656494141,3495,472,37,44.9111366271973,1251,326,526,1076,7.69999980926514,81.0526275634766,51.9979629516602,27.7999992370605,18.2999992370605,9.5,22.3500003814697,23.216667175293
"5",24.8916664123535,25.7000007629395,24.25,2828,342,16,47.6977882385254,993,198,383,854,6,78.9473876953125,58.3809127807617,28.7999992370605,21.2000007629395,7.59999847412109,24.283332824707,25.4166660308838
"6",24.8916664123535,25.7000007629395,24.25,2828,342,16,47.6977882385254,993,198,383,854,6,78.9473876953125,58.3809127807617,28.7999992370605,21.2000007629395,7.59999847412109,24.283332824707,25.4166660308838
"7",22.5166664123535,23.3500003814697,21.783332824707,3271,395,30,45.1037063598633,1058,275,577,952,6.21666669845581,77.7083358764648,63.2215957641602,26.6000003814697,18.6000003814697,8,21.8500003814697,22.9833335876465
"8",22.5166664123535,23.3500003814697,21.783332824707,3271,395,30,45.1037063598633,1058,275,577,952,6.21666669845581,77.7083358764648,63.2215957641602,26.6000003814697,18.6000003814697,8,21.8500003814697,22.9833335876465
