"","wc2.1_30s_bio_1","wc2.1_30s_bio_10","wc2.1_30s_bio_11","wc2.1_30s_bio_12","wc2.1_30s_bio_13","wc2.1_30s_bio_14","wc2.1_30s_bio_15","wc2.1_30s_bio_16","wc2.1_30s_bio_17","wc2.1_30s_bio_18","wc2.1_30s_bio_19","wc2.1_30s_bio_2","wc2.1_30s_bio_3","wc2.1_30s_bio_4","wc2.1_30s_bio_5","wc2.1_30s_bio_6","wc2.1_30s_bio_7","wc2.1_30s_bio_8","wc2.1_30s_bio_9"
"1",23.533332824707,23.9833335876465,23.0833320617676,1512,192,72,28.8685703277588,489,234,420,234,11.3833332061768,86.2373733520508,36.1394691467285,30,16.7999992370605,13.2000007629395,23.5166664123535,23.0833320617676
"2",20.3333339691162,20.8833332061768,19.9166660308838,1444,171,86,20.5919036865234,428,279,374,279,10.8333339691162,85.3018341064453,39.4469413757324,26.6000003814697,13.8999996185303,12.7000007629395,20.2999992370605,19.9166660308838
