"","wc2.1_30s_bio_1","wc2.1_30s_bio_10","wc2.1_30s_bio_11","wc2.1_30s_bio_12","wc2.1_30s_bio_13","wc2.1_30s_bio_14","wc2.1_30s_bio_15","wc2.1_30s_bio_16","wc2.1_30s_bio_17","wc2.1_30s_bio_18","wc2.1_30s_bio_19","wc2.1_30s_bio_2","wc2.1_30s_bio_3","wc2.1_30s_bio_4","wc2.1_30s_bio_5","wc2.1_30s_bio_6","wc2.1_30s_bio_7","wc2.1_30s_bio_8","wc2.1_30s_bio_9"
"1",20.9916667938232,21.466667175293,20.5833320617676,2516,336,103,36.5466156005859,952,403,560,854,8.73333358764648,84.7896499633789,35.7919120788574,26.2999992370605,16,10.2999992370605,20.6833324432373,21.1333332061768
"2",18.8916664123535,19.2999992370605,18.5166664123535,2035,263,86,32.8974113464355,690,310,425,690,8.78333282470703,80.5810394287109,31.754243850708,24.2999992370605,13.3999996185303,10.8999996185303,18.5166664123535,18.9166660308838
