"","wc2.1_30s_bio_1","wc2.1_30s_bio_10","wc2.1_30s_bio_11","wc2.1_30s_bio_12","wc2.1_30s_bio_13","wc2.1_30s_bio_14","wc2.1_30s_bio_15","wc2.1_30s_bio_16","wc2.1_30s_bio_17","wc2.1_30s_bio_18","wc2.1_30s_bio_19","wc2.1_30s_bio_2","wc2.1_30s_bio_3","wc2.1_30s_bio_4","wc2.1_30s_bio_5","wc2.1_30s_bio_6","wc2.1_30s_bio_7","wc2.1_30s_bio_8","wc2.1_30s_bio_9"
"1",22.0375003814697,22.5833339691162,21.6166667938232,2365,395,57,54.8616065979004,1087,310,402,1087,7.27499961853027,83.6206817626953,38.5017852783203,26.5,17.7999992370605,8.70000076293945,21.6166667938232,22.4833335876465
"2",26.0125007629395,26.3666667938232,25.6666660308838,5913,740,284,31.0654182434082,2073,1017,1422,1862,7.375,91.0493774414062,28.5342864990234,30.2000007629395,22.1000003814697,8.10000038146973,25.7000007629395,26.2333335876465
"3",26.2083339691162,26.533332824707,25.8166675567627,6068,668,369,16.5975914001465,1811,1242,1504,1734,8.06666660308838,92.7202987670898,27.5378475189209,30.6000003814697,21.8999996185303,8.70000076293945,26.0833339691162,26.3666667938232
"4",26.8166675567627,27.1166667938232,26.466667175293,6861,683,488,10.1151161193848,1893,1569,1650,1890,9.33333301544189,93.3333282470703,24.8937091827393,31.8999996185303,21.8999996185303,10,26.5666656494141,27.0166664123535
"5",25.1458339691162,25.5,24.716667175293,5375,552,358,14.5007705688477,1441,1218,1267,1416,9.55833339691162,87.6911315917969,31.5117855072021,30.7999992370605,19.8999996185303,10.8999996185303,24.8166656494141,25.3333339691162
"6",28.0458335876465,28.3999996185303,27.5666656494141,4872,625,197,30.0160465240479,1543,698,818,1393,8.94166660308838,87.6633911132812,34.4738426208496,33.2000007629395,23,10.2000007629395,27.9333343505859,28.1833343505859
"7",26.6958332061768,26.9833335876465,26.3333339691162,6955,768,456,15.1178770065308,2030,1471,1709,1911,8.64166641235352,92.9211578369141,27.1743659973145,31.5,22.2000007629395,9.29999923706055,26.4500007629395,26.5166664123535
