"","wc2.1_30s_bio_1","wc2.1_30s_bio_10","wc2.1_30s_bio_11","wc2.1_30s_bio_12","wc2.1_30s_bio_13","wc2.1_30s_bio_14","wc2.1_30s_bio_15","wc2.1_30s_bio_16","wc2.1_30s_bio_17","wc2.1_30s_bio_18","wc2.1_30s_bio_19","wc2.1_30s_bio_2","wc2.1_30s_bio_3","wc2.1_30s_bio_4","wc2.1_30s_bio_5","wc2.1_30s_bio_6","wc2.1_30s_bio_7","wc2.1_30s_bio_8","wc2.1_30s_bio_9"
"1",25.9249992370605,26.4833335876465,25.25,2995,339,102,32.3402290344238,948,397,606,573,7.70000028610229,81.0526351928711,49.244270324707,30.6000003814697,21.1000003814697,9.5,26.2666664123535,26.0666675567627
"2",25.7416667938232,26.2999992370605,25.0499992370605,2909,355,123,33.638988494873,974,430,735,532,7.78333330154419,81.9298248291016,49.5815887451172,30.2999992370605,20.7999992370605,9.5,25.8999996185303,25.3333339691162
"3",25.7333335876465,26.2666664123535,25.033332824707,2774,361,40,41.392749786377,941,288,791,388,7.46666669845581,81.1594161987305,48.7728233337402,30.1000003814697,20.8999996185303,9.20000076293945,26.0833339691162,25.2666664123535
