"","wc2.1_30s_bio_1","wc2.1_30s_bio_10","wc2.1_30s_bio_11","wc2.1_30s_bio_12","wc2.1_30s_bio_13","wc2.1_30s_bio_14","wc2.1_30s_bio_15","wc2.1_30s_bio_16","wc2.1_30s_bio_17","wc2.1_30s_bio_18","wc2.1_30s_bio_19","wc2.1_30s_bio_2","wc2.1_30s_bio_3","wc2.1_30s_bio_4","wc2.1_30s_bio_5","wc2.1_30s_bio_6","wc2.1_30s_bio_7","wc2.1_30s_bio_8","wc2.1_30s_bio_9"
"1",27.6958332061768,28.6833343505859,26.466667175293,544,101,13,64.3831024169922,272,52,109,74,6.27500057220459,68.9560317993164,95.8327026367188,32.4000015258789,23.2999992370605,9.10000228881836,27.6000003814697,26.8500003814697
"2",27.4583339691162,28.4500007629395,26.2333335876465,578,103,14,60.5767364501953,271,54,137,94,6,68.1818237304688,94.1186981201172,32,23.2000007629395,8.79999923706055,27.4166660308838,26.6000003814697
