"","wc2.1_30s_bio_1","wc2.1_30s_bio_10","wc2.1_30s_bio_11","wc2.1_30s_bio_12","wc2.1_30s_bio_13","wc2.1_30s_bio_14","wc2.1_30s_bio_15","wc2.1_30s_bio_16","wc2.1_30s_bio_17","wc2.1_30s_bio_18","wc2.1_30s_bio_19","wc2.1_30s_bio_2","wc2.1_30s_bio_3","wc2.1_30s_bio_4","wc2.1_30s_bio_5","wc2.1_30s_bio_6","wc2.1_30s_bio_7","wc2.1_30s_bio_8","wc2.1_30s_bio_9"
"1",24.1666660308838,25.3333339691162,22.7000007629395,1615,182,80,27.6458969116211,531,251,501,301,5.83333301544189,66.2878646850586,111.362083435059,28.2000007629395,19.3999996185303,8.80000114440918,25.25,23.1000003814697
"2",26.091667175293,27.3333320617676,24.6000003814697,1503,177,70,30.9070091247559,527,240,495,259,4.41666698455811,59.6846885681152,115.833595275879,29.6000003814697,22.2000007629395,7.39999961853027,27.1833343505859,25
"3",26.6083335876465,27.8500003814697,25.1333332061768,1450,174,63,33.1784324645996,520,229,487,236,4.28333330154419,59.4907379150391,114.630493164062,30,22.7999992370605,7.20000076293945,27.6833343505859,25.5166664123535
