"","wc2.1_30s_bio_1","wc2.1_30s_bio_10","wc2.1_30s_bio_11","wc2.1_30s_bio_12","wc2.1_30s_bio_13","wc2.1_30s_bio_14","wc2.1_30s_bio_15","wc2.1_30s_bio_16","wc2.1_30s_bio_17","wc2.1_30s_bio_18","wc2.1_30s_bio_19","wc2.1_30s_bio_2","wc2.1_30s_bio_3","wc2.1_30s_bio_4","wc2.1_30s_bio_5","wc2.1_30s_bio_6","wc2.1_30s_bio_7","wc2.1_30s_bio_8","wc2.1_30s_bio_9"
"1",25.9541664123535,27.2999992370605,24.4499988555908,871,145,21,59.8675918579102,381,72,315,72,10.841667175293,76.3497695922852,112.804306030273,32.5999984741211,18.3999996185303,14.1999988555908,27.0166664123535,24.4499988555908
"2",26.0791664123535,27.5,24.5499992370605,840,141,23,58.886043548584,367,74,303,74,10.658332824707,75.5910263061523,116.37434387207,32.7999992370605,18.7000007629395,14.0999984741211,27.1999988555908,24.5499992370605
"3",26.4875011444092,27.8333339691162,25.1166667938232,837,152,23,61.9717674255371,384,75,332,77,9.05833339691162,74.2486267089844,108.776763916016,32.4000015258789,20.2000007629395,12.2000007629395,27.6166667938232,25.2000007629395
"4",26.7541656494141,28.2333335876465,25.2333335876465,664,108,16,58.9252548217773,286,57,222,57,11.0749998092651,75.8561553955078,120.782646179199,33.9000015258789,19.2999992370605,14.6000022888184,27.8666667938232,25.2333335876465
"5",27.3291664123535,28.8333339691162,25.7999992370605,632,105,18,56.7264442443848,271,62,213,62,10.8250007629395,75.1736068725586,122.278732299805,34.4000015258789,20,14.4000015258789,28.4833335876465,25.7999992370605
