"","wc2.1_30s_bio_1","wc2.1_30s_bio_10","wc2.1_30s_bio_11","wc2.1_30s_bio_12","wc2.1_30s_bio_13","wc2.1_30s_bio_14","wc2.1_30s_bio_15","wc2.1_30s_bio_16","wc2.1_30s_bio_17","wc2.1_30s_bio_18","wc2.1_30s_bio_19","wc2.1_30s_bio_2","wc2.1_30s_bio_3","wc2.1_30s_bio_4","wc2.1_30s_bio_5","wc2.1_30s_bio_6","wc2.1_30s_bio_7","wc2.1_30s_bio_8","wc2.1_30s_bio_9"
"1",24.1000003814697,24.8999996185303,22.9166660308838,2121,275,86,36.9576873779297,775,293,633,367,5.94999980926514,70.8333358764648,85.5729522705078,28.1000003814697,19.7000007629395,8.39999961853027,24.6000003814697,23.2999992370605
"2",25.2666664123535,26.0666656494141,24.1000003814697,2122,292,87,38.3707580566406,780,293,648,370,5.98333311080933,71.2301559448242,85.2091903686523,29.2999992370605,20.8999996185303,8.39999961853027,25.7333335876465,25.1333332061768
"3",26.1166667938232,26.9166660308838,24.9500007629395,2093,316,81,43.9028625488281,817,264,595,325,5.80000066757202,70.7317047119141,85.6614074707031,30.1000003814697,21.8999996185303,8.20000076293945,26.533332824707,25.3500003814697
"4",26.5791664123535,27.4500007629395,25.3500003814697,2072,291,81,39.410472869873,769,272,645,359,5.65833330154419,69.0040588378906,91.5388336181641,30.5,22.2999992370605,8.20000076293945,27.0166664123535,26.5166664123535
"5",27.0666675567627,27.8666667938232,25.9166660308838,1969,300,75,42.1324882507324,757,254,560,312,5.93333387374878,72.3577194213867,85.5817947387695,31,22.7999992370605,8.20000076293945,27.466667175293,26.3166656494141
"6",27.0874996185303,27.8833332061768,25.9333324432373,1985,299,72,43.5480766296387,762,251,655,313,5.95833349227905,71.7871398925781,85.4965591430664,31.1000003814697,22.7999992370605,8.30000114440918,27.5166664123535,27.0166664123535
