"","wc2.1_30s_bio_1","wc2.1_30s_bio_10","wc2.1_30s_bio_11","wc2.1_30s_bio_12","wc2.1_30s_bio_13","wc2.1_30s_bio_14","wc2.1_30s_bio_15","wc2.1_30s_bio_16","wc2.1_30s_bio_17","wc2.1_30s_bio_18","wc2.1_30s_bio_19","wc2.1_30s_bio_2","wc2.1_30s_bio_3","wc2.1_30s_bio_4","wc2.1_30s_bio_5","wc2.1_30s_bio_6","wc2.1_30s_bio_7","wc2.1_30s_bio_8","wc2.1_30s_bio_9"
"1",23.3708324432373,25.8333320617676,20.466667175293,1596,218,70,43.9740447998047,593,221,574,223,8.54166698455811,58.504566192627,222.97021484375,30.5,15.8999996185303,14.6000003814697,25.7999992370605,20.6833343505859
"2",23.845832824707,26.1833343505859,21,1546,210,56,50.8023872375488,596,185,595,185,9.39166641235352,62.1964683532715,214.925537109375,30.8999996185303,15.8000001907349,15.0999994277954,26.1333332061768,21
"3",25.0625,27.3500003814697,22.3666667938232,1418,237,20,70.5973510742188,626,81,608,81,8.75833320617676,60.4022941589355,204.629669189453,31.7000007629395,17.2000007629395,14.5,27.283332824707,22.3666667938232
"4",24.4874992370605,26.8500003814697,21.6333332061768,1423,207,49,49.1403884887695,527,170,517,170,9.50833320617676,61.7424201965332,217.49739074707,31.7000007629395,16.2999992370605,15.4000015258789,26.4333343505859,21.6333332061768
"5",25.0874996185303,27.3666667938232,22.2999992370605,1361,210,25,59.4838256835938,525,121,521,121,10.1750001907349,63.59375,208.458892822266,32.2999992370605,16.2999992370605,16,26.966667175293,22.2999992370605
"6",25.4458332061768,27.5499992370605,22.8666667938232,1344,208,28,60.0467109680176,545,135,530,135,8.99166679382324,62.442138671875,192.642578125,32.0999984741211,17.7000007629395,14.3999977111816,27.033332824707,22.8666667938232
"7",25.2000007629395,27.4166660308838,22.6000003814697,1090,201,15,72.3191452026367,502,63,458,63,9.23333263397217,61.968677520752,198.951797485352,32,17.1000003814697,14.8999996185303,27.033332824707,22.6000003814697
