"","wc2.1_30s_bio_1","wc2.1_30s_bio_10","wc2.1_30s_bio_11","wc2.1_30s_bio_12","wc2.1_30s_bio_13","wc2.1_30s_bio_14","wc2.1_30s_bio_15","wc2.1_30s_bio_16","wc2.1_30s_bio_17","wc2.1_30s_bio_18","wc2.1_30s_bio_19","wc2.1_30s_bio_2","wc2.1_30s_bio_3","wc2.1_30s_bio_4","wc2.1_30s_bio_5","wc2.1_30s_bio_6","wc2.1_30s_bio_7","wc2.1_30s_bio_8","wc2.1_30s_bio_9"
"1",22.3541660308838,24.0499992370605,20.4833335876465,1580,244,45,53.058952331543,606,152,489,152,7.95833349227905,63.6666679382324,147.532073974609,28.1000003814697,15.6000003814697,12.5,23.6833343505859,20.4833335876465
"2",25.8250007629395,27.533332824707,23.966667175293,1185,170,31,53.1235885620117,458,102,389,102,8.63333320617676,65.4040451049805,145.453842163086,31.7999992370605,18.6000003814697,13.1999988555908,27.1000003814697,23.966667175293
