"","wc2.1_30s_bio_1","wc2.1_30s_bio_10","wc2.1_30s_bio_11","wc2.1_30s_bio_12","wc2.1_30s_bio_13","wc2.1_30s_bio_14","wc2.1_30s_bio_15","wc2.1_30s_bio_16","wc2.1_30s_bio_17","wc2.1_30s_bio_18","wc2.1_30s_bio_19","wc2.1_30s_bio_2","wc2.1_30s_bio_3","wc2.1_30s_bio_4","wc2.1_30s_bio_5","wc2.1_30s_bio_6","wc2.1_30s_bio_7","wc2.1_30s_bio_8","wc2.1_30s_bio_9"
"1",26.2291660308838,27.2666664123535,25.0166664123535,1014,222,6,102.864151000977,563,19,320,19,11.5416660308838,75.4357299804688,91.1656341552734,33.5999984741211,18.2999992370605,15.2999992370605,26.8666667938232,25.0166664123535
"2",21.8291664123535,22.4500007629395,21.1333332061768,2241,448,19,92.0899505615234,1158,75,678,75,9.79166698455811,82.2829055786133,54.3330917358398,27.7000007629395,15.8000001907349,11.9000005722046,22.0666656494141,21.1333332061768
"3",23.091667175293,23.9500007629395,21.8666667938232,1401,294,6,100.13646697998,771,26,608,26,11.1000003814697,80.4347839355469,86.3089981079102,29.5,15.6999998092651,13.8000001907349,23.6833343505859,21.8666667938232
"4",20.8166656494141,21.5666675567627,20.033332824707,2143,419,19,91.3772659301758,1104,77,663,77,10.0666666030884,79.894172668457,63.1496696472168,27,14.3999996185303,12.6000003814697,21.0499992370605,20.033332824707
