"","wc2.1_30s_bio_1","wc2.1_30s_bio_10","wc2.1_30s_bio_11","wc2.1_30s_bio_12","wc2.1_30s_bio_13","wc2.1_30s_bio_14","wc2.1_30s_bio_15","wc2.1_30s_bio_16","wc2.1_30s_bio_17","wc2.1_30s_bio_18","wc2.1_30s_bio_19","wc2.1_30s_bio_2","wc2.1_30s_bio_3","wc2.1_30s_bio_4","wc2.1_30s_bio_5","wc2.1_30s_bio_6","wc2.1_30s_bio_7","wc2.1_30s_bio_8","wc2.1_30s_bio_9"
"1",27.5791664123535,27.8833332061768,27.1499996185303,5813,594,288,18.0715141296387,1689,1158,1163,1531,9.65833282470703,90.2647857666016,30.1856784820557,33,22.2999992370605,10.7000007629395,27.6666660308838,27.8666667938232
"2",18.5125007629395,18.8333339691162,18.0499992370605,2279,285,57,39.6443672180176,789,273,598,566,9.97500038146973,89.8648681640625,33.4477195739746,24.2999992370605,13.1999998092651,11.0999994277954,18.283332824707,18.3833332061768
"3",17.2000007629395,17.6000003814697,16.7666664123535,2489,323,65,46.3250160217285,912,239,662,606,8.51666641235352,86.9047546386719,34.9675254821777,22.2000007629395,12.3999996185303,9.80000114440918,16.9500007629395,16.9833335876465
"4",16.5625,17.2000007629395,16.0833320617676,2537,352,70,44.9467430114746,850,252,738,620,9.30833339691162,86.9937591552734,44.3193702697754,22.1000003814697,11.3999996185303,10.7000007629395,17.033332824707,16.6666660308838
"5",16.5625,17.2000007629395,16.0833320617676,2537,352,70,44.9467430114746,850,252,738,620,9.30833339691162,86.9937591552734,44.3193702697754,22.1000003814697,11.3999996185303,10.7000007629395,17.033332824707,16.6666660308838
"6",22.1000003814697,22.6333332061768,21.716667175293,4001,527,124,42.1128044128418,1451,474,999,1197,7.68333339691162,86.3295974731445,38.3168640136719,26.6000003814697,17.7000007629395,8.89999961853027,21.9333343505859,22.0166664123535
"7",22.1000003814697,22.6333332061768,21.716667175293,4001,527,124,42.1128044128418,1451,474,999,1197,7.68333339691162,86.3295974731445,38.3168640136719,26.6000003814697,17.7000007629395,8.89999961853027,21.9333343505859,22.0166664123535
"8",26.3166656494141,27.0666656494141,25.783332824707,3435,468,71,48.4330596923828,1316,315,672,1006,9.63333320617676,87.5757751464844,51.6690826416016,32.0999984741211,21.1000003814697,10.9999980926514,25.8333339691162,26.5999984741211
"9",15.9624996185303,16.216667175293,15.6999998092651,2396,302,89,31.8719730377197,777,344,621,741,7.84166669845581,93.3531723022461,21.5454139709473,20.2000007629395,11.8000001907349,8.40000057220459,15.6999998092651,16.0666656494141
