"","wc2.1_30s_bio_1","wc2.1_30s_bio_10","wc2.1_30s_bio_11","wc2.1_30s_bio_12","wc2.1_30s_bio_13","wc2.1_30s_bio_14","wc2.1_30s_bio_15","wc2.1_30s_bio_16","wc2.1_30s_bio_17","wc2.1_30s_bio_18","wc2.1_30s_bio_19","wc2.1_30s_bio_2","wc2.1_30s_bio_3","wc2.1_30s_bio_4","wc2.1_30s_bio_5","wc2.1_30s_bio_6","wc2.1_30s_bio_7","wc2.1_30s_bio_8","wc2.1_30s_bio_9"
"1",23.7124996185303,25.1499996185303,22.033332824707,1492,229,26,57.4763526916504,594,109,440,109,10.7583332061768,72.2035751342773,128.153396606445,30.7000007629395,15.8000001907349,14.9000005722046,24.8833332061768,22.033332824707
"2",26.6291675567627,28.0499992370605,25.1000003814697,1136,172,28,48.5632514953613,416,113,353,113,11.0416660308838,73.6111068725586,120.160087585449,33.7999992370605,18.7999992370605,15,27.8833332061768,25.1000003814697
"3",26.658332824707,28.1000003814697,25.1000003814697,1164,169,29,48.6557769775391,438,113,377,113,10.8833332061768,73.0424957275391,123.708480834961,33.7000007629395,18.7999992370605,14.9000015258789,27.9500007629395,25.1000003814697
"4",26.4166660308838,27.9166660308838,24.8500003814697,1042,151,27,49.5338439941406,400,106,323,106,10.8999996185303,73.1543731689453,124.996948242188,33.5999984741211,18.7000007629395,14.8999977111816,27.6833324432373,24.8500003814697
