"","wc2.1_30s_bio_1","wc2.1_30s_bio_10","wc2.1_30s_bio_11","wc2.1_30s_bio_12","wc2.1_30s_bio_13","wc2.1_30s_bio_14","wc2.1_30s_bio_15","wc2.1_30s_bio_16","wc2.1_30s_bio_17","wc2.1_30s_bio_18","wc2.1_30s_bio_19","wc2.1_30s_bio_2","wc2.1_30s_bio_3","wc2.1_30s_bio_4","wc2.1_30s_bio_5","wc2.1_30s_bio_6","wc2.1_30s_bio_7","wc2.1_30s_bio_8","wc2.1_30s_bio_9"
"1",20.6625003814697,21.6000003814697,19.8666667938232,2964,450,41,63.6586151123047,1237,145,614,875,10.1583337783813,76.9570693969727,69.3517074584961,27.6000003814697,14.3999996185303,13.2000007629395,20.3166656494141,20.7666664123535
"2",26.5666675567627,27.7000007629395,25.7333335876465,3541,566,51,62.183277130127,1576,174,635,1104,10.4833335876465,77.6543197631836,77.5280990600586,33.7000007629395,20.2000007629395,13.5,26.1333332061768,26.783332824707
"3",23.2875003814697,24.1333332061768,22.6166667938232,2961,541,31,60.5515403747559,1222,141,486,645,11.4916667938232,80.9272232055664,60.080451965332,30.6000003814697,16.3999996185303,14.2000007629395,22.8333339691162,23.283332824707
"4",22.25,23.0833320617676,21.5666656494141,2766,456,32,65.7020034790039,1185,128,492,389,11.8166666030884,80.9360733032227,59.7722854614258,29.8999996185303,15.3000001907349,14.5999994277954,22.033332824707,22.283332824707
"5",22.5,23.283332824707,21.8666667938232,2913,547,18,65.8407516479492,1272,120,489,522,11.5833330154419,81.5727691650391,56.5283355712891,29.8999996185303,15.6999998092651,14.1999998092651,22.2999992370605,22.5
"6",22.1499996185303,23.0833339691162,21.3166656494141,3081,506,45,61.8152389526367,1301,180,589,948,10.0999994277954,76.5151443481445,70.4853439331055,29.1000003814697,15.8999996185303,13.2000007629395,21.716667175293,22.3166656494141
"7",16.9333343505859,17.5833339691162,16.25,3728,572,74,50.5760345458984,1356,318,951,558,9.98333358764648,81.8305969238281,53.5271224975586,23.2000007629395,11,12.2000007629395,16.6166667938232,16.3833332061768
