"","wc2.1_30s_bio_1","wc2.1_30s_bio_10","wc2.1_30s_bio_11","wc2.1_30s_bio_12","wc2.1_30s_bio_13","wc2.1_30s_bio_14","wc2.1_30s_bio_15","wc2.1_30s_bio_16","wc2.1_30s_bio_17","wc2.1_30s_bio_18","wc2.1_30s_bio_19","wc2.1_30s_bio_2","wc2.1_30s_bio_3","wc2.1_30s_bio_4","wc2.1_30s_bio_5","wc2.1_30s_bio_6","wc2.1_30s_bio_7","wc2.1_30s_bio_8","wc2.1_30s_bio_9"
"1",26.7624988555908,28.5,24.6833324432373,1235,186,24,64.3021011352539,497,89,492,89,7.35833358764648,62.3587608337402,155.959274291992,32.5999984741211,20.7999992370605,11.7999992370605,28.1000003814697,24.6833324432373
"2",26.8083343505859,28.533332824707,24.75,1217,184,24,63.8338241577148,491,90,460,90,7.43333387374878,62.9943504333496,154.549713134766,32.7000007629395,20.8999996185303,11.8000011444092,28.1333332061768,24.75
