"","wc2.1_30s_bio_1","wc2.1_30s_bio_10","wc2.1_30s_bio_11","wc2.1_30s_bio_12","wc2.1_30s_bio_13","wc2.1_30s_bio_14","wc2.1_30s_bio_15","wc2.1_30s_bio_16","wc2.1_30s_bio_17","wc2.1_30s_bio_18","wc2.1_30s_bio_19","wc2.1_30s_bio_2","wc2.1_30s_bio_3","wc2.1_30s_bio_4","wc2.1_30s_bio_5","wc2.1_30s_bio_6","wc2.1_30s_bio_7","wc2.1_30s_bio_8","wc2.1_30s_bio_9"
"1",15.3375005722046,15.5666675567627,15,2193,302,82,38.5282402038574,762,314,513,762,7.55833339691162,87.8875961303711,25.147289276123,19.7000007629395,11.1000003814697,8.60000038146973,15,15.3999996185303
"2",17.2000007629395,17.6000003814697,16.7666664123535,2489,323,65,46.3250160217285,912,239,662,606,8.51666641235352,86.9047546386719,34.9675254821777,22.2000007629395,12.3999996185303,9.80000114440918,16.9500007629395,16.9833335876465
"3",23.8166675567627,24.2666664123535,23.3833332061768,3097,384,125,32.810848236084,942,415,520,920,9.46666717529297,86.0606079101562,35.2480430603027,29.6000003814697,18.6000003814697,11,24.0499992370605,24.0666656494141
"4",21.1749992370605,21.6000003814697,20.783332824707,2285,291,55,45.9392433166504,810,206,370,609,10.0666666030884,83.8888854980469,33.6762580871582,27.5,15.5,12,20.9166679382324,21.4333343505859
"5",15.3375005722046,15.5666675567627,15,2193,302,82,38.5282402038574,762,314,513,762,7.55833339691162,87.8875961303711,25.147289276123,19.7000007629395,11.1000003814697,8.60000038146973,15,15.3999996185303
