"","wc2.1_30s_bio_1","wc2.1_30s_bio_10","wc2.1_30s_bio_11","wc2.1_30s_bio_12","wc2.1_30s_bio_13","wc2.1_30s_bio_14","wc2.1_30s_bio_15","wc2.1_30s_bio_16","wc2.1_30s_bio_17","wc2.1_30s_bio_18","wc2.1_30s_bio_19","wc2.1_30s_bio_2","wc2.1_30s_bio_3","wc2.1_30s_bio_4","wc2.1_30s_bio_5","wc2.1_30s_bio_6","wc2.1_30s_bio_7","wc2.1_30s_bio_8","wc2.1_30s_bio_9"
"1",16.6416664123535,17.3833332061768,15.7999992370605,1729,268,18,64.0201568603516,742,72,533,90,8.58333301544189,77.3273315429688,64.0608139038086,21.7999992370605,10.6999998092651,11.0999994277954,16.9333343505859,15.9666662216187
"2",21.3916664123535,22.0166664123535,20.716667175293,1809,342,12,72.2684478759766,816,59,583,79,9.01666641235352,80.5059509277344,54.5574569702148,26.6000003814697,15.3999996185303,11.2000007629395,21.1833324432373,20.9500007629395
