"","wc2.1_30s_bio_1","wc2.1_30s_bio_10","wc2.1_30s_bio_11","wc2.1_30s_bio_12","wc2.1_30s_bio_13","wc2.1_30s_bio_14","wc2.1_30s_bio_15","wc2.1_30s_bio_16","wc2.1_30s_bio_17","wc2.1_30s_bio_18","wc2.1_30s_bio_19","wc2.1_30s_bio_2","wc2.1_30s_bio_3","wc2.1_30s_bio_4","wc2.1_30s_bio_5","wc2.1_30s_bio_6","wc2.1_30s_bio_7","wc2.1_30s_bio_8","wc2.1_30s_bio_9"
"1",26.2000007629395,27.6166667938232,24.6499996185303,1036,124,36,31.7897720336914,332,140,277,140,9.5,73.6434020996094,125.408424377441,32.7000007629395,19.7999992370605,12.9000015258789,27.3500003814697,24.6499996185303
"2",26.3208332061768,27.7333335876465,24.7666664123535,1013,123,37,31.5267028808594,327,140,270,140,9.0583324432373,73.0510864257812,125.126441955566,32.5999984741211,20.2000007629395,12.3999977111816,27.466667175293,24.7666664123535
