"","wc2.1_30s_bio_1","wc2.1_30s_bio_10","wc2.1_30s_bio_11","wc2.1_30s_bio_12","wc2.1_30s_bio_13","wc2.1_30s_bio_14","wc2.1_30s_bio_15","wc2.1_30s_bio_16","wc2.1_30s_bio_17","wc2.1_30s_bio_18","wc2.1_30s_bio_19","wc2.1_30s_bio_2","wc2.1_30s_bio_3","wc2.1_30s_bio_4","wc2.1_30s_bio_5","wc2.1_30s_bio_6","wc2.1_30s_bio_7","wc2.1_30s_bio_8","wc2.1_30s_bio_9"
"1",21.2749996185303,22.8500003814697,19.4333343505859,2091,419,68,60.6019325256348,842,208,564,208,9.14999961853027,67.7777709960938,138.326049804688,27.7000007629395,14.1999998092651,13.5000009536743,22.5166664123535,19.4333343505859
"2",21.5541667938232,22.966667175293,19.966667175293,2161,438,62,61.8273162841797,878,204,585,204,9.52500057220459,70.5555572509766,121.869110107422,27.8999996185303,14.3999996185303,13.5,22.6499996185303,19.966667175293
"3",21.529167175293,23.1333332061768,19.6333332061768,2065,413,67,60.9478645324707,831,202,567,202,9.19166660308838,67.5857849121094,141.187469482422,28,14.3999996185303,13.6000003814697,22.75,19.6333332061768
"4",21.4125003814697,23.0666656494141,19.5166664123535,2074,405,64,59.4019203186035,822,209,570,209,9.32499980926514,67.5724639892578,143.164321899414,28,14.1999998092651,13.8000001907349,22.6499996185303,19.5166664123535
"5",22.5791664123535,24.1499996185303,20.8166656494141,2002,371,64,55.9940185546875,760,216,543,216,9.45833396911621,68.5386428833008,134.32421875,29.2000007629395,15.3999996185303,13.8000011444092,23.716667175293,20.8166656494141
"6",22.341667175293,23.9500007629395,20.4500007629395,2029,404,69,59.9378204345703,803,210,545,210,9.26666641235352,67.6399002075195,141.579299926758,28.8999996185303,15.1999998092651,13.6999998092651,23.5666656494141,20.4500007629395
"7",24.4833335876465,25.9500007629395,22.8166656494141,1791,281,71,45.0385971069336,597,229,464,253,9.75,69.6428604125977,126.389274597168,31.1000003814697,17.1000003814697,14,25.533332824707,23.1000003814697
"8",24.9750003814697,26.3333339691162,23.3666667938232,2013,413,69,59.6079292297363,783,228,504,228,9.96666717529297,70.6855850219727,122.483749389648,31.2999992370605,17.2000007629395,14.0999984741211,26.1000003814697,23.3666667938232
"9",25.3958339691162,26.75,23.783332824707,1438,235,58,47.3625373840332,505,184,381,185,9.59166717529297,71.0493850708008,122.27872467041,31.6000003814697,18.1000003814697,13.5,26.5,23.966667175293
