"","wc2.1_30s_bio_1","wc2.1_30s_bio_10","wc2.1_30s_bio_11","wc2.1_30s_bio_12","wc2.1_30s_bio_13","wc2.1_30s_bio_14","wc2.1_30s_bio_15","wc2.1_30s_bio_16","wc2.1_30s_bio_17","wc2.1_30s_bio_18","wc2.1_30s_bio_19","wc2.1_30s_bio_2","wc2.1_30s_bio_3","wc2.1_30s_bio_4","wc2.1_30s_bio_5","wc2.1_30s_bio_6","wc2.1_30s_bio_7","wc2.1_30s_bio_8","wc2.1_30s_bio_9"
"1",20.6333332061768,21.5833339691162,19.8500003814697,2552,487,16,75.1310424804688,1247,100,327,335,9.16666698455811,76.3888931274414,69.9133605957031,27,15,12,20.4500007629395,21.1333332061768
"2",20.1708335876465,21.2000007629395,19.3500003814697,2298,423,10,85.0196914672852,1161,32,303,281,9.29166698455811,75.5419998168945,74.4207458496094,26.7000007629395,14.3999996185303,12.3000011444092,19.966667175293,20.0666656494141
"3",17.4874992370605,18.3833332061768,16.5666656494141,3189,409,47,44.5120391845703,1182,309,470,865,8.82499980926514,75.4273529052734,76.2807312011719,23.5,11.8000001907349,11.6999998092651,17.0833339691162,17.7999992370605
"4",17.6666660308838,18.6000003814697,16.75,2777,400,58,57.454906463623,1103,183,353,615,8.96666717529297,75.3501434326172,76.6732406616211,23.7999992370605,11.8999996185303,11.8999996185303,17.6000003814697,17.3500003814697
"5",18.1124992370605,19.0833320617676,17.216667175293,3064,405,48,50.6394081115723,1100,211,345,786,8.92500019073486,75,77.2870941162109,24.2999992370605,12.3999996185303,11.8999996185303,18.4500007629395,18.5
"6",18.1124992370605,19.0833320617676,17.216667175293,3064,405,48,50.6394081115723,1100,211,345,786,8.92500019073486,75,77.2870941162109,24.2999992370605,12.3999996185303,11.8999996185303,18.4500007629395,18.5
"7",18.716667175293,19.716667175293,17.8333339691162,3356,406,64,45.5695838928223,1185,299,424,865,8.89999961853027,74.7899169921875,78.2284851074219,24.8999996185303,13,11.8999996185303,18.8833332061768,19.1333332061768
