"","wc2.1_30s_bio_1","wc2.1_30s_bio_10","wc2.1_30s_bio_11","wc2.1_30s_bio_12","wc2.1_30s_bio_13","wc2.1_30s_bio_14","wc2.1_30s_bio_15","wc2.1_30s_bio_16","wc2.1_30s_bio_17","wc2.1_30s_bio_18","wc2.1_30s_bio_19","wc2.1_30s_bio_2","wc2.1_30s_bio_3","wc2.1_30s_bio_4","wc2.1_30s_bio_5","wc2.1_30s_bio_6","wc2.1_30s_bio_7","wc2.1_30s_bio_8","wc2.1_30s_bio_9"
"1",14.7250003814697,16.6000003814697,12.25,1508,237,21,64.0631866455078,610,85,469,131,9.65000057220459,63.907283782959,178.751983642578,22.2000007629395,7.09999990463257,15.1000003814697,15.5166664123535,13.3166666030884
"2",14.7250003814697,16.6000003814697,12.25,1508,237,21,64.0631866455078,610,85,469,131,9.65000057220459,63.907283782959,178.751983642578,22.2000007629395,7.09999990463257,15.1000003814697,15.5166664123535,13.3166666030884
"3",14.7250003814697,16.6000003814697,12.25,1508,237,21,64.0631866455078,610,85,469,131,9.65000057220459,63.907283782959,178.751983642578,22.2000007629395,7.09999990463257,15.1000003814697,15.5166664123535,13.3166666030884
