"","wc2.1_30s_bio_1","wc2.1_30s_bio_10","wc2.1_30s_bio_11","wc2.1_30s_bio_12","wc2.1_30s_bio_13","wc2.1_30s_bio_14","wc2.1_30s_bio_15","wc2.1_30s_bio_16","wc2.1_30s_bio_17","wc2.1_30s_bio_18","wc2.1_30s_bio_19","wc2.1_30s_bio_2","wc2.1_30s_bio_3","wc2.1_30s_bio_4","wc2.1_30s_bio_5","wc2.1_30s_bio_6","wc2.1_30s_bio_7","wc2.1_30s_bio_8","wc2.1_30s_bio_9"
"1",16.6958332061768,17.0166664123535,16.4833335876465,3097,392,181,27.593412399292,1086,593,622,975,10.3083333969116,90.4239730834961,23.592981338501,22.6000003814697,11.1999998092651,11.4000005722046,16.5,16.5499992370605
"2",16.8791675567627,17.1833343505859,16.6666660308838,3074,380,180,26.9720497131348,1071,591,622,954,10.3583335876465,90.0724716186523,22.9087505340576,22.7999992370605,11.3000001907349,11.4999990463257,16.6833343505859,16.75
"3",16.8583335876465,17.1833343505859,16.6499996185303,3101,392,180,28.1265926361084,1094,590,617,983,10.3500003814697,90.0000076293945,23.5327053070068,22.7999992370605,11.3000001907349,11.4999990463257,16.6833343505859,16.716667175293
"4",21.8999996185303,22.1666660308838,21.5666656494141,2940,348,188,24.4548301696777,1002,592,597,877,10.7666664123535,92.8160858154297,25.3161926269531,27.8999996185303,16.2999992370605,11.6000003814697,21.6000003814697,21.9166660308838
"5",19.9791660308838,20.25,19.716667175293,3019,356,184,25.0727252960205,1032,594,621,904,10.4416666030884,92.4041366577148,22.203426361084,25.7999992370605,14.5,11.2999992370605,19.7333335876465,19.9500007629395
