"","wc2.1_30s_bio_1","wc2.1_30s_bio_10","wc2.1_30s_bio_11","wc2.1_30s_bio_12","wc2.1_30s_bio_13","wc2.1_30s_bio_14","wc2.1_30s_bio_15","wc2.1_30s_bio_16","wc2.1_30s_bio_17","wc2.1_30s_bio_18","wc2.1_30s_bio_19","wc2.1_30s_bio_2","wc2.1_30s_bio_3","wc2.1_30s_bio_4","wc2.1_30s_bio_5","wc2.1_30s_bio_6","wc2.1_30s_bio_7","wc2.1_30s_bio_8","wc2.1_30s_bio_9"
"1",15.3625001907349,16.9500007629395,13.4499998092651,2110,315,59,49.9770545959473,774,215,659,215,8.14166641235352,64.1076126098633,145.307266235352,21.2999992370605,8.60000038146973,12.6999988555908,16.75,13.4499998092651
"2",20.9291667938232,22.6000003814697,19.033332824707,1708,282,66,48.1062774658203,638,205,487,217,7.60833358764648,62.3633842468262,146.775314331055,26.6000003814697,14.3999996185303,12.2000007629395,22.283332824707,19.1666660308838
"3",24.2250003814697,26,22.2000007629395,1324,201,32,56.5386352539062,511,104,447,104,8.36666584014893,63.8676795959473,154.765228271484,30.5,17.3999996185303,13.1000003814697,25.3833332061768,22.2000007629395
"4",26.375,28.0833339691162,24.533332824707,1080,156,31,50.9668731689453,412,100,300,100,8.98333358764648,66.5432052612305,145.031341552734,32.5,19,13.5,27.6333332061768,24.533332824707
"5",26.125,28.0499992370605,24.033332824707,1770,240,88,34.5289878845215,657,297,365,430,7.01666688919067,59.4632797241211,165.522567749023,31.7999992370605,20,11.7999992370605,25.6333332061768,24.716667175293
"6",26.2749996185303,28.0833339691162,24.0166664123535,1233,188,20,67.7859878540039,534,68,490,68,9.33333301544189,65.26806640625,163.616790771484,32.7999992370605,18.5,14.2999992370605,27.6000003814697,24.0166664123535
"7",26.216667175293,28.3999996185303,23.8333339691162,1101,168,47,43.5318489074707,420,174,209,225,7.68333339691162,59.1025733947754,183.926025390625,32.5999984741211,19.6000003814697,12.9999980926514,26.7666664123535,24.8666667938232
