"","wc2.1_30s_bio_1","wc2.1_30s_bio_10","wc2.1_30s_bio_11","wc2.1_30s_bio_12","wc2.1_30s_bio_13","wc2.1_30s_bio_14","wc2.1_30s_bio_15","wc2.1_30s_bio_16","wc2.1_30s_bio_17","wc2.1_30s_bio_18","wc2.1_30s_bio_19","wc2.1_30s_bio_2","wc2.1_30s_bio_3","wc2.1_30s_bio_4","wc2.1_30s_bio_5","wc2.1_30s_bio_6","wc2.1_30s_bio_7","wc2.1_30s_bio_8","wc2.1_30s_bio_9"
"1",15.591667175293,15.9499998092651,15.3666667938232,1942,310,30,64.7830047607422,912,160,790,346,8.70000076293945,91.5789413452148,23.9158935546875,20.2000007629395,10.6999998092651,9.50000095367432,15.8333339691162,15.5666666030884
"2",16.3374996185303,16.7000007629395,16.1166667938232,2209,353,39,65.2060394287109,1034,195,897,572,8.64166641235352,91.9326248168945,23.5608463287354,20.8999996185303,11.5,9.39999961853027,16.5833339691162,16.2333335876465
"3",18.0583324432373,18.4500007629395,17.783332824707,2436,401,50,69.1844635009766,1161,202,1011,375,8.64999961853027,90.1041717529297,26.4431838989258,22.7999992370605,13.1999998092651,9.59999942779541,18.3333339691162,17.966667175293
"4",14.7541666030884,15.1000003814697,14.5833330154419,1552,259,14,70.5505676269531,762,92,645,220,8.60833358764648,90.6140365600586,22.508430480957,19.3999996185303,9.89999961853027,9.5,14.966667175293,14.6666669845581
"5",15.5749998092651,15.9166660308838,15.3500003814697,1955,322,23,70.0712051391602,948,138,805,518,8.5,90.4255218505859,23.1103992462158,20.2000007629395,10.8000001907349,9.40000057220459,15.783332824707,15.5666666030884
