"","wc2.1_30s_bio_1","wc2.1_30s_bio_10","wc2.1_30s_bio_11","wc2.1_30s_bio_12","wc2.1_30s_bio_13","wc2.1_30s_bio_14","wc2.1_30s_bio_15","wc2.1_30s_bio_16","wc2.1_30s_bio_17","wc2.1_30s_bio_18","wc2.1_30s_bio_19","wc2.1_30s_bio_2","wc2.1_30s_bio_3","wc2.1_30s_bio_4","wc2.1_30s_bio_5","wc2.1_30s_bio_6","wc2.1_30s_bio_7","wc2.1_30s_bio_8","wc2.1_30s_bio_9"
"1",20.3999996185303,20.7333335876465,20.1000003814697,1763,202,48,36.9925994873047,582,203,582,495,8.41666698455811,91.4855117797852,25.226245880127,25,15.8000001907349,9.19999980926514,20.7333335876465,20.3833332061768
"2",22.2083339691162,22.6499996185303,21.8999996185303,2490,299,139,28.3365020751953,816,460,816,487,8.66666698455811,88.4353637695312,31.4666786193848,27.2000007629395,17.3999996185303,9.80000114440918,22.6499996185303,21.8999996185303
"3",24.8333339691162,25.2666664123535,24.533332824707,2495,300,122,29.4135665893555,838,407,825,462,8.44999980926514,88.9473724365234,31.0668811798096,29.7999992370605,20.2999992370605,9.5,25.1000003814697,24.6333332061768
