"","wc2.1_30s_bio_1","wc2.1_30s_bio_10","wc2.1_30s_bio_11","wc2.1_30s_bio_12","wc2.1_30s_bio_13","wc2.1_30s_bio_14","wc2.1_30s_bio_15","wc2.1_30s_bio_16","wc2.1_30s_bio_17","wc2.1_30s_bio_18","wc2.1_30s_bio_19","wc2.1_30s_bio_2","wc2.1_30s_bio_3","wc2.1_30s_bio_4","wc2.1_30s_bio_5","wc2.1_30s_bio_6","wc2.1_30s_bio_7","wc2.1_30s_bio_8","wc2.1_30s_bio_9"
"1",18.5583324432373,20.3166656494141,16.1166667938232,1585,296,30,76.2815170288086,753,95,465,110,11.5666666030884,66.0952377319336,173.504425048828,27.1000003814697,9.60000038146973,17.5,19.6833324432373,16.8833332061768
"2",22.6124992370605,24.5666656494141,20.0833339691162,1114,208,15,81.8239212036133,554,53,305,88,12.375,66.5322570800781,182.74577331543,32,13.3999996185303,18.6000003814697,23.716667175293,22.283332824707
"3",21.9791660308838,23.8500003814697,19.5,1126,211,15,82.9871368408203,567,55,310,82,12.3916664123535,67.3460159301758,178.165618896484,31.2000007629395,12.8000001907349,18.4000015258789,23.1000003814697,21.6166667938232
"4",21.9333324432373,23.8166675567627,19.4500007629395,1153,215,15,81.6289672851562,575,57,315,92,12.4333333969116,67.2072067260742,179.371810913086,31.2000007629395,12.6999998092651,18.5,23.0666656494141,21.5833320617676
"5",22.3083324432373,24.2333335876465,19.75,1229,223,18,76.5244827270508,591,68,326,114,12.0666666030884,66.3003692626953,184.265518188477,31.5,13.3000001907349,18.2000007629395,23.4833335876465,21.9166660308838
"6",23.1375007629395,25.1499996185303,20.533332824707,1378,237,26,66.6339721679688,618,92,340,169,11.5583333969116,65.3013153076172,188.849670410156,32.2000007629395,14.5,17.7000007629395,24.3166656494141,22.716667175293
"7",22.9166660308838,24.8666667938232,20.3333339691162,1353,230,25,66.1273193359375,603,89,331,169,11.5833330154419,65.4425582885742,186.734298706055,31.8999996185303,14.1999998092651,17.7000007629395,24.1333332061768,22.466667175293
"8",17.9583339691162,19.6166667938232,15.6333332061768,1331,246,25,78.5453872680664,651,81,519,96,11.7333335876465,67.4329528808594,167.275405883789,26.2999992370605,8.89999961853027,17.3999996185303,19.1499996185303,16.2333335876465
"9",16.033332824707,17.5833339691162,13.8499994277954,1274,235,21,79.2940826416016,617,75,513,79,11.3000001907349,68.9024353027344,157.340606689453,23.7000007629395,7.30000019073486,16.4000015258789,17.2333335876465,14.3500003814697
