"","wc2.1_30s_bio_1","wc2.1_30s_bio_10","wc2.1_30s_bio_11","wc2.1_30s_bio_12","wc2.1_30s_bio_13","wc2.1_30s_bio_14","wc2.1_30s_bio_15","wc2.1_30s_bio_16","wc2.1_30s_bio_17","wc2.1_30s_bio_18","wc2.1_30s_bio_19","wc2.1_30s_bio_2","wc2.1_30s_bio_3","wc2.1_30s_bio_4","wc2.1_30s_bio_5","wc2.1_30s_bio_6","wc2.1_30s_bio_7","wc2.1_30s_bio_8","wc2.1_30s_bio_9"
"1",24.8999996185303,27.0999984741211,22.0833339691162,1423,215,32,59.5609283447266,555,132,555,132,10.2999992370605,64.3750076293945,206.892578125,32.0999984741211,16.1000003814697,15.9999980926514,27.0999984741211,22.0833339691162
"2",25.4458332061768,27.5499992370605,22.8666667938232,1344,208,28,60.0467109680176,545,135,530,135,8.99166679382324,62.442138671875,192.642578125,32.0999984741211,17.7000007629395,14.3999977111816,27.033332824707,22.8666667938232
"3",25.091667175293,27.2999992370605,22.2999992370605,1374,212,28,60.6515808105469,535,120,533,120,10.033332824707,63.9065780639648,205.877639770508,32.2000007629395,16.5,15.7000007629395,27.2333335876465,22.2999992370605
"4",25.5416660308838,27.6333332061768,22.9500007629395,1368,208,25,58.4016952514648,534,139,531,139,8.73333358764648,61.9385375976562,193.071228027344,32.0999984741211,18,14.0999984741211,27.1666660308838,22.9500007629395
