"","wc2.1_30s_bio_1","wc2.1_30s_bio_10","wc2.1_30s_bio_11","wc2.1_30s_bio_12","wc2.1_30s_bio_13","wc2.1_30s_bio_14","wc2.1_30s_bio_15","wc2.1_30s_bio_16","wc2.1_30s_bio_17","wc2.1_30s_bio_18","wc2.1_30s_bio_19","wc2.1_30s_bio_2","wc2.1_30s_bio_3","wc2.1_30s_bio_4","wc2.1_30s_bio_5","wc2.1_30s_bio_6","wc2.1_30s_bio_7","wc2.1_30s_bio_8","wc2.1_30s_bio_9"
"1",26.4916667938232,27.1999988555908,26,2299,305,64,47.8020248413086,891,241,383,868,8.05000019073486,81.3131408691406,49.9013938903809,31.8999996185303,22,9.89999961853027,26.033332824707,26.75
"2",26.4208335876465,27.1166667938232,25.9500007629395,2296,305,68,47.1622123718262,885,246,384,856,7.90833377838135,81.5292053222656,48.6853713989258,31.7000007629395,22,9.70000076293945,25.9833335876465,26.6499996185303
"3",26.8875007629395,27.6666660308838,26.4333343505859,2274,325,101,42.2098388671875,907,329,365,766,7.85833358764648,81.8576354980469,53.4757804870605,32.2000007629395,22.6000003814697,9.60000038146973,26.5,27.1166667938232
