"","wc2.1_30s_bio_1","wc2.1_30s_bio_10","wc2.1_30s_bio_11","wc2.1_30s_bio_12","wc2.1_30s_bio_13","wc2.1_30s_bio_14","wc2.1_30s_bio_15","wc2.1_30s_bio_16","wc2.1_30s_bio_17","wc2.1_30s_bio_18","wc2.1_30s_bio_19","wc2.1_30s_bio_2","wc2.1_30s_bio_3","wc2.1_30s_bio_4","wc2.1_30s_bio_5","wc2.1_30s_bio_6","wc2.1_30s_bio_7","wc2.1_30s_bio_8","wc2.1_30s_bio_9"
"1",25.1041660308838,25.6666660308838,24.4500007629395,1943,332,7,76.8962173461914,954,45,229,88,12.4416666030884,67.9872512817383,50.6529121398926,34,15.6999998092651,18.2999992370605,25.0500011444092,24.6833324432373
"2",24.8666667938232,25.4166679382324,24.2333335876465,1944,330,7,76.7952423095703,952,46,227,88,12.4166669845581,68.2234420776367,49.0052680969238,33.7000007629395,15.5,18.2000007629395,24.7999992370605,24.4833335876465
"3",26.9458332061768,27.5499992370605,26.4333343505859,2244,329,38,58.0277252197266,954,147,435,954,9.19166660308838,73.533332824707,44.9978675842285,33.2000007629395,20.7000007629395,12.5,26.4333343505859,26.8999996185303
"4",27.0874996185303,27.7333335876465,26.6333332061768,2064,242,88,33.1579627990723,685,287,390,685,8.75833320617676,81.0956802368164,44.5750045776367,32.5999984741211,21.7999992370605,10.7999992370605,26.6333332061768,27.2999992370605
