"","wc2.1_30s_bio_1","wc2.1_30s_bio_10","wc2.1_30s_bio_11","wc2.1_30s_bio_12","wc2.1_30s_bio_13","wc2.1_30s_bio_14","wc2.1_30s_bio_15","wc2.1_30s_bio_16","wc2.1_30s_bio_17","wc2.1_30s_bio_18","wc2.1_30s_bio_19","wc2.1_30s_bio_2","wc2.1_30s_bio_3","wc2.1_30s_bio_4","wc2.1_30s_bio_5","wc2.1_30s_bio_6","wc2.1_30s_bio_7","wc2.1_30s_bio_8","wc2.1_30s_bio_9"
"1",16.2374992370605,18.0166664123535,14.0833330154419,1478,236,24,62.0831108093262,586,102,452,149,9.55833339691162,65.4680404663086,160.342330932617,23.7999992370605,9.19999980926514,14.5999994277954,16.7999992370605,16.3500003814697
"2",16.3875007629395,18.1833324432373,14.1999998092651,1473,235,24,61.975227355957,584,101,450,149,9.59166622161865,65.2494354248047,161.458190917969,24,9.30000019073486,14.6999998092651,16.966667175293,16.4833335876465
"3",19.9125003814697,21.7000007629395,17.7333335876465,1348,214,22,59.9850578308105,536,98,388,215,10.125,67.9530181884766,162.789962768555,27.7000007629395,12.8000001907349,14.9000005722046,20.466667175293,20.0666675567627
