"","wc2.1_30s_bio_1","wc2.1_30s_bio_10","wc2.1_30s_bio_11","wc2.1_30s_bio_12","wc2.1_30s_bio_13","wc2.1_30s_bio_14","wc2.1_30s_bio_15","wc2.1_30s_bio_16","wc2.1_30s_bio_17","wc2.1_30s_bio_18","wc2.1_30s_bio_19","wc2.1_30s_bio_2","wc2.1_30s_bio_3","wc2.1_30s_bio_4","wc2.1_30s_bio_5","wc2.1_30s_bio_6","wc2.1_30s_bio_7","wc2.1_30s_bio_8","wc2.1_30s_bio_9"
"1",22.7666664123535,23.5833320617676,22.1666679382324,2584,477,46,80.9977951049805,1376,171,1194,194,8.11666679382324,81.1666717529297,60.6904563903809,28.1000003814697,18.1000003814697,10,23.5499992370605,22.25
"2",22.7666664123535,23.5833320617676,22.1666679382324,2584,477,46,80.9977951049805,1376,171,1194,194,8.11666679382324,81.1666717529297,60.6904563903809,28.1000003814697,18.1000003814697,10,23.5499992370605,22.25
"3",22.8875007629395,23.716667175293,22.2999992370605,2609,484,46,81.5807876586914,1394,168,1211,189,8.07500076293945,80.75,61.9429931640625,28.2000007629395,18.2000007629395,10,23.7000007629395,22.3500003814697
"4",22.5416660308838,23.3333339691162,21.9833335876465,2554,458,48,78.6103439331055,1329,177,1161,205,8.16666603088379,81.6666641235352,57.9903297424316,27.7999992370605,17.7999992370605,10,23.2999992370605,22.0499992370605
