"","wc2.1_30s_bio_1","wc2.1_30s_bio_10","wc2.1_30s_bio_11","wc2.1_30s_bio_12","wc2.1_30s_bio_13","wc2.1_30s_bio_14","wc2.1_30s_bio_15","wc2.1_30s_bio_16","wc2.1_30s_bio_17","wc2.1_30s_bio_18","wc2.1_30s_bio_19","wc2.1_30s_bio_2","wc2.1_30s_bio_3","wc2.1_30s_bio_4","wc2.1_30s_bio_5","wc2.1_30s_bio_6","wc2.1_30s_bio_7","wc2.1_30s_bio_8","wc2.1_30s_bio_9"
"1",25.6083335876465,27.716667175293,23.1833343505859,1213,271,15,93.1014862060547,671,48,295,73,9.81666660308838,59.8577194213867,182.169174194336,34.4000015258789,18,16.4000015258789,26.4333343505859,25.5833339691162
"2",21.966667175293,24.3166656494141,19.1499996185303,2947,519,70,73.3314361572266,1471,224,624,298,11.3999996185303,62.2950782775879,207.049987792969,31,12.6999998092651,18.2999992370605,22.9833335876465,21.8833332061768
"3",21.966667175293,24.2999992370605,19.1833324432373,3051,540,70,74.5318298339844,1538,227,645,301,11.3333330154419,62.6151008605957,204.831787109375,30.8999996185303,12.8000001907349,18.0999984741211,22.966667175293,21.8666667938232
"4",24.5708332061768,27.1166667938232,21.3333339691162,2936,548,57,79.8022232055664,1527,188,678,239,11.2583332061768,60.2049903869629,234.757690429688,34.2000007629395,15.5,18.7000007629395,25.8999996185303,22.2333335876465
"5",15.2833337783813,17.1833343505859,13.3166666030884,616,137,5,92.0893478393555,317,18,239,26,14.9499998092651,69.2129592895508,154.026748657227,26.1000003814697,4.5,21.6000003814697,15.9499998092651,13.4000005722046
