"","wc2.1_30s_bio_1","wc2.1_30s_bio_10","wc2.1_30s_bio_11","wc2.1_30s_bio_12","wc2.1_30s_bio_13","wc2.1_30s_bio_14","wc2.1_30s_bio_15","wc2.1_30s_bio_16","wc2.1_30s_bio_17","wc2.1_30s_bio_18","wc2.1_30s_bio_19","wc2.1_30s_bio_2","wc2.1_30s_bio_3","wc2.1_30s_bio_4","wc2.1_30s_bio_5","wc2.1_30s_bio_6","wc2.1_30s_bio_7","wc2.1_30s_bio_8","wc2.1_30s_bio_9"
"1",26.2041664123535,27.6666660308838,24.533332824707,928,150,30,55.2482795715332,405,95,242,105,12.908332824707,77.29541015625,132.071929931641,34.0999984741211,17.3999996185303,16.6999988555908,27.3333339691162,24.5666656494141
"2",26.1291675567627,27.5666675567627,24.466667175293,806,138,21,61.0837821960449,368,71,206,71,11.6916666030884,76.9188537597656,131.174072265625,33.5,18.2999992370605,15.2000007629395,27.283332824707,24.466667175293
"3",25.8500003814697,27.2333335876465,24.2000007629395,933,156,23,60.6368103027344,426,75,341,75,11.8833332061768,77.1644973754883,128.611465454102,33.2000007629395,17.7999992370605,15.4000015258789,27.0166664123535,24.2000007629395
"4",26.2666664123535,27.6166667938232,24.6499996185303,906,160,23,60.1862373352051,416,76,253,76,12.1666660308838,78.4946212768555,126.01106262207,33.5,18,15.5,27.3999996185303,24.6499996185303
"5",26.1124992370605,27.5166664123535,24.4500007629395,866,144,22,60.4404106140137,395,70,244,70,11.8249998092651,77.2875747680664,129.564407348633,33.4000015258789,18.1000003814697,15.3000011444092,27.2666664123535,24.4500007629395
