"","wc2.1_30s_bio_1","wc2.1_30s_bio_10","wc2.1_30s_bio_11","wc2.1_30s_bio_12","wc2.1_30s_bio_13","wc2.1_30s_bio_14","wc2.1_30s_bio_15","wc2.1_30s_bio_16","wc2.1_30s_bio_17","wc2.1_30s_bio_18","wc2.1_30s_bio_19","wc2.1_30s_bio_2","wc2.1_30s_bio_3","wc2.1_30s_bio_4","wc2.1_30s_bio_5","wc2.1_30s_bio_6","wc2.1_30s_bio_7","wc2.1_30s_bio_8","wc2.1_30s_bio_9"
"1",20.9291667938232,22.6000003814697,19.033332824707,1708,282,66,48.1062774658203,638,205,487,217,7.60833358764648,62.3633842468262,146.775314331055,26.6000003814697,14.3999996185303,12.2000007629395,22.283332824707,19.1666660308838
"2",20.9791660308838,23.25,18.2000007629395,1563,236,25,65.7971725463867,640,102,603,102,8.65833282470703,59.712646484375,209.517379760742,27.7999992370605,13.3000001907349,14.4999990463257,22.783332824707,18.2000007629395
"3",24.904167175293,26.7333335876465,22.9166679382324,1473,218,74,37.0166854858398,555,246,292,387,7.14166688919067,60.5226020812988,157.125564575195,30.5,18.7000007629395,11.7999992370605,24.3833332061768,23.5833339691162
"4",26.2749996185303,28.0833339691162,24.0166664123535,1233,188,20,67.7859878540039,534,68,490,68,9.33333301544189,65.26806640625,163.616790771484,32.7999992370605,18.5,14.2999992370605,27.6000003814697,24.0166664123535
