"","wc2.1_30s_bio_1","wc2.1_30s_bio_10","wc2.1_30s_bio_11","wc2.1_30s_bio_12","wc2.1_30s_bio_13","wc2.1_30s_bio_14","wc2.1_30s_bio_15","wc2.1_30s_bio_16","wc2.1_30s_bio_17","wc2.1_30s_bio_18","wc2.1_30s_bio_19","wc2.1_30s_bio_2","wc2.1_30s_bio_3","wc2.1_30s_bio_4","wc2.1_30s_bio_5","wc2.1_30s_bio_6","wc2.1_30s_bio_7","wc2.1_30s_bio_8","wc2.1_30s_bio_9"
"1",26.3624992370605,27.783332824707,24.8833332061768,1198,156,56,30.7244071960449,397,190,310,224,8.02499961853027,72.9545440673828,121.71363067627,31.7999992370605,20.7999992370605,11,26.9500007629395,24.9166660308838
"2",26.4166660308838,27.8166675567627,24.966667175293,1166,155,55,31.9924736022949,392,180,306,205,7.93333339691162,72.7828750610352,119.664947509766,31.7999992370605,20.8999996185303,10.8999996185303,27,24.9833335876465
"3",26.4166660308838,27.8166675567627,24.966667175293,1166,155,55,31.9924736022949,392,180,306,205,7.93333339691162,72.7828750610352,119.664947509766,31.7999992370605,20.8999996185303,10.8999996185303,27,24.9833335876465
"4",26.4166660308838,27.8166675567627,24.966667175293,1166,155,55,31.9924736022949,392,180,306,205,7.93333339691162,72.7828750610352,119.664947509766,31.7999992370605,20.8999996185303,10.8999996185303,27,24.9833335876465
"5",26.4166660308838,27.8166675567627,24.966667175293,1166,155,55,31.9924736022949,392,180,306,205,7.93333339691162,72.7828750610352,119.664947509766,31.7999992370605,20.8999996185303,10.8999996185303,27,24.9833335876465
"6",26.4166660308838,27.8166675567627,24.966667175293,1166,155,55,31.9924736022949,392,180,306,205,7.93333339691162,72.7828750610352,119.664947509766,31.7999992370605,20.8999996185303,10.8999996185303,27,24.9833335876465
