"","wc2.1_30s_bio_1","wc2.1_30s_bio_10","wc2.1_30s_bio_11","wc2.1_30s_bio_12","wc2.1_30s_bio_13","wc2.1_30s_bio_14","wc2.1_30s_bio_15","wc2.1_30s_bio_16","wc2.1_30s_bio_17","wc2.1_30s_bio_18","wc2.1_30s_bio_19","wc2.1_30s_bio_2","wc2.1_30s_bio_3","wc2.1_30s_bio_4","wc2.1_30s_bio_5","wc2.1_30s_bio_6","wc2.1_30s_bio_7","wc2.1_30s_bio_8","wc2.1_30s_bio_9"
"1",25.0791664123535,27.533332824707,22.216667175293,1336,206,48,49.9026679992676,494,163,472,169,7.94166660308838,57.1342887878418,218.158187866211,31.7000007629395,17.7999992370605,13.9000015258789,27.466667175293,22.4833335876465
"2",25.5666656494141,27.9499988555908,22.8500003814697,1265,196,51,44.0931739807129,438,177,408,194,7.91666650772095,58.2107925415039,210.813690185547,32.2999992370605,18.7000007629395,13.5999984741211,27.8499984741211,23.8166675567627
"3",25.2000007629395,27.4166660308838,22.6000003814697,1090,201,15,72.3191452026367,502,63,458,63,9.23333263397217,61.968677520752,198.951797485352,32,17.1000003814697,14.8999996185303,27.033332824707,22.6000003814697
