"","wc2.1_30s_bio_1","wc2.1_30s_bio_10","wc2.1_30s_bio_11","wc2.1_30s_bio_12","wc2.1_30s_bio_13","wc2.1_30s_bio_14","wc2.1_30s_bio_15","wc2.1_30s_bio_16","wc2.1_30s_bio_17","wc2.1_30s_bio_18","wc2.1_30s_bio_19","wc2.1_30s_bio_2","wc2.1_30s_bio_3","wc2.1_30s_bio_4","wc2.1_30s_bio_5","wc2.1_30s_bio_6","wc2.1_30s_bio_7","wc2.1_30s_bio_8","wc2.1_30s_bio_9"
"1",18.466667175293,20.3166656494141,16.1499996185303,1357,202,25,55.0402946472168,522,103,379,166,9.53333377838135,65.2968063354492,171.004150390625,25.8999996185303,11.3000001907349,14.5999994277954,19.1166667938232,18.5
"2",19.0458335876465,20.8833332061768,16.7666664123535,1339,197,25,53.9099807739258,511,104,368,171,9.67500019073486,65.8163299560547,168.825607299805,26.5,11.8000001907349,14.6999998092651,19.6666660308838,19.0666656494141
"3",18.466667175293,20.3166656494141,16.1499996185303,1357,202,25,55.0402946472168,522,103,379,166,9.53333377838135,65.2968063354492,171.004150390625,25.8999996185303,11.3000001907349,14.5999994277954,19.1166667938232,18.5
"4",23.7916660308838,25.5,21.5166664123535,1238,158,41,40.153076171875,461,143,258,258,9.14999961853027,65.8273315429688,166.061782836914,30.7000007629395,16.7999992370605,13.9000015258789,23.6666660308838,23.6000003814697
"5",24.0874996185303,25.783332824707,21.8666667938232,1212,159,41,41.0191383361816,456,139,259,236,9.34166622161865,66.2529525756836,161.823791503906,31.1000003814697,17,14.1000003814697,23.9833335876465,23.8999996185303
"6",19.1708335876465,20.9333324432373,16.8999996185303,1392,187,28,49.6328964233398,528,110,353,207,8.90833377838135,65.0243301391602,166.193435668945,26,12.3000001907349,13.6999998092651,19.0166664123535,19.1000003814697
"7",20.5666675567627,22.3500003814697,18.283332824707,1328,177,30,47.0443153381348,501,115,324,214,9,64.7481994628906,167.146255493164,27.5,13.6000003814697,13.8999996185303,20.3999996185303,20.4833335876465
"8",20.5666675567627,22.3500003814697,18.283332824707,1328,177,30,47.0443153381348,501,115,324,214,9,64.7481994628906,167.146255493164,27.5,13.6000003814697,13.8999996185303,20.3999996185303,20.4833335876465
