"","wc2.1_30s_bio_1","wc2.1_30s_bio_10","wc2.1_30s_bio_11","wc2.1_30s_bio_12","wc2.1_30s_bio_13","wc2.1_30s_bio_14","wc2.1_30s_bio_15","wc2.1_30s_bio_16","wc2.1_30s_bio_17","wc2.1_30s_bio_18","wc2.1_30s_bio_19","wc2.1_30s_bio_2","wc2.1_30s_bio_3","wc2.1_30s_bio_4","wc2.1_30s_bio_5","wc2.1_30s_bio_6","wc2.1_30s_bio_7","wc2.1_30s_bio_8","wc2.1_30s_bio_9"
"1",26.2749996185303,27.3500003814697,25.3333320617676,3012,400,100,35.4523811340332,986,412,672,766,8.61666679382324,76.9345321655273,80.6084823608398,32.0999984741211,20.8999996185303,11.1999988555908,26.5166664123535,26.9499988555908
"2",25.2625007629395,26.2333335876465,24.4166660308838,3009,378,111,37.3371391296387,1026,375,534,759,8.60833263397217,78.9755325317383,72.0834426879883,30.8999996185303,20,10.8999996185303,25.0166664123535,25.2000007629395
"3",25.2000007629395,26.1666660308838,24.3500003814697,3310,411,124,32.9418182373047,1097,478,638,839,8.61666679382324,78.3333282470703,71.6684341430664,30.8999996185303,19.8999996185303,11,24.966667175293,25.783332824707
"4",26.3083324432373,27.3500003814697,25.3833332061768,2755,280,154,19.6336059570312,817,576,612,795,8.19999980926514,77.3584976196289,77.9811477661133,31.7999992370605,21.2000007629395,10.5999984741211,26.533332824707,26.966667175293
"5",26.3958339691162,27.3333339691162,25.5833339691162,3120,395,128,31.1437282562256,1046,489,622,886,8.00833320617676,78.5130615234375,69.0671157836914,31.7000007629395,21.5,10.2000007629395,25.6666660308838,26.9500007629395
"6",26.2124996185303,27.1499996185303,25.4166660308838,3348,388,144,29.4416980743408,1038,487,603,941,7.99166679382324,78.3496704101562,68.7593002319336,31.5,21.2999992370605,10.2000007629395,26.3833332061768,26.783332824707
"7",26.2124996185303,27.1499996185303,25.4166660308838,3348,388,144,29.4416980743408,1038,487,603,941,7.99166679382324,78.3496704101562,68.7593002319336,31.5,21.2999992370605,10.2000007629395,26.3833332061768,26.783332824707
"8",26.4208335876465,27.3666667938232,25.6166667938232,3247,391,128,30.6022109985352,1019,475,619,883,7.95833349227905,78.0228729248047,69.3298645019531,31.7000007629395,21.5,10.2000007629395,26.6000003814697,26.3833332061768
"9",26.3500003814697,27.2666664123535,25.5666656494141,3357,394,109,32.1500854492188,1086,481,622,893,7.93333292007446,78.5478515625,67.1497802734375,31.6000003814697,21.5,10.1000003814697,26.5166664123535,26.3166656494141
