"","wc2.1_30s_bio_1","wc2.1_30s_bio_10","wc2.1_30s_bio_11","wc2.1_30s_bio_12","wc2.1_30s_bio_13","wc2.1_30s_bio_14","wc2.1_30s_bio_15","wc2.1_30s_bio_16","wc2.1_30s_bio_17","wc2.1_30s_bio_18","wc2.1_30s_bio_19","wc2.1_30s_bio_2","wc2.1_30s_bio_3","wc2.1_30s_bio_4","wc2.1_30s_bio_5","wc2.1_30s_bio_6","wc2.1_30s_bio_7","wc2.1_30s_bio_8","wc2.1_30s_bio_9"
"1",26.533332824707,27.5833339691162,25.216667175293,1004,142,26,60.6303863525391,415,83,365,83,10.4000005722046,79.3893127441406,94.1066436767578,32.7000007629395,19.6000003814697,13.1000003814697,27.4166679382324,25.4166660308838
"2",26.533332824707,27.5833339691162,25.216667175293,1004,142,26,60.6303863525391,415,83,365,83,10.4000005722046,79.3893127441406,94.1066436767578,32.7000007629395,19.6000003814697,13.1000003814697,27.4166679382324,25.4166660308838
