"","wc2.1_30s_bio_1","wc2.1_30s_bio_10","wc2.1_30s_bio_11","wc2.1_30s_bio_12","wc2.1_30s_bio_13","wc2.1_30s_bio_14","wc2.1_30s_bio_15","wc2.1_30s_bio_16","wc2.1_30s_bio_17","wc2.1_30s_bio_18","wc2.1_30s_bio_19","wc2.1_30s_bio_2","wc2.1_30s_bio_3","wc2.1_30s_bio_4","wc2.1_30s_bio_5","wc2.1_30s_bio_6","wc2.1_30s_bio_7","wc2.1_30s_bio_8","wc2.1_30s_bio_9"
"1",25.5208339691162,25.8666667938232,25.0499992370605,4817,581,222,25.8624172210693,1463,860,1044,1421,9.75833320617676,88.7121200561523,32.7149047851562,31.1000003814697,20.1000003814697,11,25.7333335876465,25.7333335876465
"2",24.7124996185303,25.0666675567627,24.4166660308838,4371,560,157,41.2882118225098,1618,607,1006,1345,8.625,88.9175338745117,26.978536605835,29.8999996185303,20.2000007629395,9.69999885559082,24.4166660308838,24.6666660308838
"3",27.5791664123535,27.8833332061768,27.1499996185303,5813,594,288,18.0715141296387,1689,1158,1163,1531,9.65833282470703,90.2647857666016,30.1856784820557,33,22.2999992370605,10.7000007629395,27.6666660308838,27.8666667938232
"4",24.095832824707,24.533332824707,23.6666660308838,3502,392,140,24.5941905975342,1054,613,717,1015,8.97500038146973,86.2980804443359,35.1269378662109,29.5,19.1000003814697,10.3999996185303,24.3666667938232,24.2999992370605
"5",26.1625003814697,26.6166667938232,25.6666660308838,2657,352,70,43.7510757446289,984,277,404,638,9.02499961853027,86.7788467407227,38.2054901123047,31.3999996185303,21,10.3999996185303,26.283332824707,26.3666667938232
"6",26.1625003814697,26.6166667938232,25.716667175293,3305,415,105,37.5038261413574,1073,369,572,955,8.80833339691162,88.0833358764648,35.873836517334,31.2999992370605,21.2999992370605,10,26.25,26.3833332061768
"7",26.9583339691162,27.3999996185303,26.5499992370605,3582,400,90,40.7254753112793,1133,302,808,1114,8.53333282470703,88.8888854980469,34.6956634521484,31.8999996185303,22.2999992370605,9.60000038146973,27.0666675567627,27.1499996185303
"8",19.4958324432373,19.8999996185303,19.2000007629395,2570,282,104,27.4987869262695,796,470,674,779,7.79166650772095,84.6920166015625,29.9589424133301,24.2000007629395,15,9.20000076293945,19.2000007629395,19.5666675567627
