"","wc2.1_30s_bio_1","wc2.1_30s_bio_10","wc2.1_30s_bio_11","wc2.1_30s_bio_12","wc2.1_30s_bio_13","wc2.1_30s_bio_14","wc2.1_30s_bio_15","wc2.1_30s_bio_16","wc2.1_30s_bio_17","wc2.1_30s_bio_18","wc2.1_30s_bio_19","wc2.1_30s_bio_2","wc2.1_30s_bio_3","wc2.1_30s_bio_4","wc2.1_30s_bio_5","wc2.1_30s_bio_6","wc2.1_30s_bio_7","wc2.1_30s_bio_8","wc2.1_30s_bio_9"
"1",27.4750003814697,28.9166660308838,25.4500007629395,2375,393,67,59.0579376220703,1132,255,352,762,6.36666631698608,63.0362968444824,151.064407348633,32.2000007629395,22.1000003814697,10.1000003814697,26.4166660308838,27.9500007629395
"2",27.2041664123535,28.6166667938232,25.2000007629395,2322,384,67,58.192741394043,1099,253,348,735,6.40833330154419,64.0833282470703,148.881546020508,31.8999996185303,21.8999996185303,10,26.1833343505859,27.7000007629395
"3",27.404167175293,28.8166656494141,25.3999996185303,2364,390,67,58.8039398193359,1124,255,350,756,6.30833292007446,63.0833435058594,148.285034179688,32.0999984741211,22.1000003814697,9.99999809265137,26.3833332061768,27.8833332061768
