"","wc2.1_30s_bio_1","wc2.1_30s_bio_10","wc2.1_30s_bio_11","wc2.1_30s_bio_12","wc2.1_30s_bio_13","wc2.1_30s_bio_14","wc2.1_30s_bio_15","wc2.1_30s_bio_16","wc2.1_30s_bio_17","wc2.1_30s_bio_18","wc2.1_30s_bio_19","wc2.1_30s_bio_2","wc2.1_30s_bio_3","wc2.1_30s_bio_4","wc2.1_30s_bio_5","wc2.1_30s_bio_6","wc2.1_30s_bio_7","wc2.1_30s_bio_8","wc2.1_30s_bio_9"
"1",25.3041667938232,26.1666679382324,24.1000003814697,1864,253,72,43.6797065734863,698,236,588,252,6.74166679382324,73.2789840698242,88.6376495361328,29.6000003814697,20.3999996185303,9.20000076293945,25.75,24.4833335876465
"2",25.2708339691162,26.2000007629395,23.9833335876465,1831,247,67,44.415958404541,687,226,643,245,6.95833301544189,72.4826431274414,95.3095016479492,29.7999992370605,20.2000007629395,9.59999847412109,25.7666664123535,24.4333343505859
"3",25.658332824707,26.5,24.4833335876465,2003,260,79,39.2078514099121,733,269,651,314,6.38333320617676,71.7228469848633,86.1772079467773,29.8999996185303,21,8.89999961853027,26.1166667938232,24.8333339691162
"4",26.1416664123535,27,24.9500007629395,2028,263,76,42.5004844665527,754,259,690,262,6.41666650772095,72.9166717529297,86.9125213623047,30.3999996185303,21.6000003814697,8.79999923706055,26.6000003814697,25.3166656494141
"5",26.6749992370605,27.466667175293,25.5,1925,257,75,42.0278778076172,722,250,655,274,5.93333339691162,71.4859313964844,83.6252746582031,30.7000007629395,22.3999996185303,8.30000114440918,27.4166660308838,25.8666667938232
"6",26.466667175293,27.3166656494141,25.283332824707,2003,266,77,42.9756469726562,744,256,607,277,6.73333358764648,73.1884155273438,87.6546096801758,30.7999992370605,21.6000003814697,9.19999885559082,26.8999996185303,25.6833343505859
"7",26.6166667938232,27.4333324432373,25.466667175293,1870,260,74,42.3523864746094,683,242,629,277,6.58333349227905,73.9700393676758,83.6478576660156,30.8999996185303,22,8.89999961853027,27.1000003814697,25.8000011444092
"8",26.6416664123535,27.4833335876465,25.4500007629395,1950,263,78,42.0961380004883,714,253,659,285,6.43333339691162,72.2846450805664,86.7554702758789,30.8999996185303,22,8.89999961853027,27.1333332061768,25.8166675567627
"9",26.5416660308838,27.3999996185303,25.3666667938232,2019,267,76,43.3630752563477,756,257,688,258,6.38333320617676,72.5378875732422,86.0716781616211,30.7999992370605,22,8.79999923706055,26.9833335876465,25.75
