"","wc2.1_30s_bio_1","wc2.1_30s_bio_10","wc2.1_30s_bio_11","wc2.1_30s_bio_12","wc2.1_30s_bio_13","wc2.1_30s_bio_14","wc2.1_30s_bio_15","wc2.1_30s_bio_16","wc2.1_30s_bio_17","wc2.1_30s_bio_18","wc2.1_30s_bio_19","wc2.1_30s_bio_2","wc2.1_30s_bio_3","wc2.1_30s_bio_4","wc2.1_30s_bio_5","wc2.1_30s_bio_6","wc2.1_30s_bio_7","wc2.1_30s_bio_8","wc2.1_30s_bio_9"
"1",23.0708332061768,24.9333324432373,20.9833335876465,1665,252,65,42.8710174560547,595,206,473,234,7.55833339691162,60.9543037414551,162.780639648438,28.7999992370605,16.3999996185303,12.3999996185303,24.5499992370605,21.1000003814697
"2",26.125,28.0499992370605,24.033332824707,1770,240,88,34.5289878845215,657,297,365,430,7.01666688919067,59.4632797241211,165.522567749023,31.7999992370605,20,11.7999992370605,25.6333332061768,24.716667175293
"3",26.220832824707,28.1499996185303,24.1000003814697,1665,225,83,34.613166809082,616,283,338,398,7.25833368301392,59.9862251281738,165.906021118164,32,19.8999996185303,12.1000003814697,25.6833343505859,24.8500003814697
"4",25.9458332061768,27.8833332061768,23.7999992370605,1350,178,59,34.637378692627,473,228,280,288,7.69166660308838,61.0449714660645,166.220794677734,31.8999996185303,19.2999992370605,12.6000003814697,26.5499992370605,23.9500007629395
"5",26.2333335876465,28.1499996185303,24.1333332061768,1652,224,83,34.6827011108398,612,282,335,393,7.16666698455811,59.722225189209,165.231689453125,32,20,12,25.7333335876465,24.8333339691162
