"","wc2.1_30s_bio_1","wc2.1_30s_bio_10","wc2.1_30s_bio_11","wc2.1_30s_bio_12","wc2.1_30s_bio_13","wc2.1_30s_bio_14","wc2.1_30s_bio_15","wc2.1_30s_bio_16","wc2.1_30s_bio_17","wc2.1_30s_bio_18","wc2.1_30s_bio_19","wc2.1_30s_bio_2","wc2.1_30s_bio_3","wc2.1_30s_bio_4","wc2.1_30s_bio_5","wc2.1_30s_bio_6","wc2.1_30s_bio_7","wc2.1_30s_bio_8","wc2.1_30s_bio_9"
"1",15.0583333969116,15.6499996185303,14.3666667938232,2272,397,70,57.8425331115723,1096,291,382,893,9.63333320617676,80.2777709960938,52.0416526794434,21.2000007629395,9.19999980926514,12.0000009536743,14.6333332061768,15.466667175293
"2",18.3166656494141,18.8833332061768,17.7333335876465,1877,358,27,69.823860168457,901,97,269,901,11.2166662216187,82.4754943847656,45.3938903808594,25.2999992370605,11.6999998092651,13.5999994277954,17.7333335876465,18.533332824707
"3",23.8916664123535,25.033332824707,22.783332824707,4156,609,83,47.8383026123047,1590,392,392,1398,8.46666717529297,76.2762756347656,86.6244049072266,29.6000003814697,18.5,11.1000003814697,22.9833335876465,25.033332824707
