"","wc2.1_30s_bio_1","wc2.1_30s_bio_10","wc2.1_30s_bio_11","wc2.1_30s_bio_12","wc2.1_30s_bio_13","wc2.1_30s_bio_14","wc2.1_30s_bio_15","wc2.1_30s_bio_16","wc2.1_30s_bio_17","wc2.1_30s_bio_18","wc2.1_30s_bio_19","wc2.1_30s_bio_2","wc2.1_30s_bio_3","wc2.1_30s_bio_4","wc2.1_30s_bio_5","wc2.1_30s_bio_6","wc2.1_30s_bio_7","wc2.1_30s_bio_8","wc2.1_30s_bio_9"
"1",23.0583324432373,24.5,21.3666667938232,1886,379,53,61.7030296325684,768,173,518,173,9.65000057220459,70.4379577636719,127.472511291504,29.3999996185303,15.6999998092651,13.6999998092651,24.2333335876465,21.3666667938232
"2",24.0750007629395,25.5499992370605,22.3666667938232,1859,307,70,48.2144050598145,644,228,489,243,9.71666717529297,69.4047622680664,127.555694580078,30.7000007629395,16.7000007629395,14,25.1166667938232,22.6666660308838
"3",20.7958335876465,22.3666667938232,19.0166664123535,2104,407,60,59.6242485046387,837,201,586,201,9.25833320617676,68.0759811401367,134.391876220703,27.2999992370605,13.6999998092651,13.5999994277954,21.9333343505859,19.0166664123535
"4",20.7958335876465,22.3666667938232,19.0166664123535,2104,407,60,59.6242485046387,837,201,586,201,9.25833320617676,68.0759811401367,134.391876220703,27.2999992370605,13.6999998092651,13.5999994277954,21.9333343505859,19.0166664123535
"5",20.7958335876465,22.3666667938232,19.0166664123535,2104,407,60,59.6242485046387,837,201,586,201,9.25833320617676,68.0759811401367,134.391876220703,27.2999992370605,13.6999998092651,13.5999994277954,21.9333343505859,19.0166664123535
"6",24.0750007629395,25.5499992370605,22.3666667938232,1859,307,70,48.2144050598145,644,228,489,243,9.71666717529297,69.4047622680664,127.555694580078,30.7000007629395,16.7000007629395,14,25.1166667938232,22.6666660308838
"7",23.0583324432373,24.5,21.3666667938232,1886,379,53,61.7030296325684,768,173,518,173,9.65000057220459,70.4379577636719,127.472511291504,29.3999996185303,15.6999998092651,13.6999998092651,24.2333335876465,21.3666667938232
"8",25.8624992370605,27.2999992370605,24.033332824707,1559,214,86,29.5090007781982,528,291,319,369,10.8583335876465,72.3888854980469,136.233856201172,32.9000015258789,17.8999996185303,15.0000019073486,25.4166660308838,25
"9",25.9208335876465,27.3833332061768,24.1000003814697,1561,216,85,29.9840393066406,536,295,312,379,10.8583335876465,71.9094924926758,137.021209716797,33,17.8999996185303,15.1000003814697,25.4833335876465,25.0499992370605
