"","wc2.1_30s_bio_1","wc2.1_30s_bio_10","wc2.1_30s_bio_11","wc2.1_30s_bio_12","wc2.1_30s_bio_13","wc2.1_30s_bio_14","wc2.1_30s_bio_15","wc2.1_30s_bio_16","wc2.1_30s_bio_17","wc2.1_30s_bio_18","wc2.1_30s_bio_19","wc2.1_30s_bio_2","wc2.1_30s_bio_3","wc2.1_30s_bio_4","wc2.1_30s_bio_5","wc2.1_30s_bio_6","wc2.1_30s_bio_7","wc2.1_30s_bio_8","wc2.1_30s_bio_9"
"1",25.2458324432373,26.0499992370605,23.9333324432373,1679,248,22,61.1731796264648,712,92,552,92,10.5749998092651,70.5,92.2806625366211,31.8999996185303,16.8999996185303,15,25.783332824707,23.9333324432373
"2",22.2999992370605,22.8833332061768,21.466667175293,1656,224,56,44.7233581542969,647,186,479,186,12.0666666030884,82.6483993530273,60.113525390625,29.2000007629395,14.6000003814697,14.6000003814697,22.5,21.466667175293
"3",22.2999992370605,22.8833332061768,21.466667175293,1656,224,56,44.7233581542969,647,186,479,186,12.0666666030884,82.6483993530273,60.113525390625,29.2000007629395,14.6000003814697,14.6000003814697,22.5,21.466667175293
