"","wc2.1_30s_bio_1","wc2.1_30s_bio_10","wc2.1_30s_bio_11","wc2.1_30s_bio_12","wc2.1_30s_bio_13","wc2.1_30s_bio_14","wc2.1_30s_bio_15","wc2.1_30s_bio_16","wc2.1_30s_bio_17","wc2.1_30s_bio_18","wc2.1_30s_bio_19","wc2.1_30s_bio_2","wc2.1_30s_bio_3","wc2.1_30s_bio_4","wc2.1_30s_bio_5","wc2.1_30s_bio_6","wc2.1_30s_bio_7","wc2.1_30s_bio_8","wc2.1_30s_bio_9"
"1",26.6041660308838,28.283332824707,24.6499996185303,912,234,1,115.757400512695,622,7,522,29,11.9416666030884,74.1718444824219,156.72004699707,33.2999992370605,17.2000007629395,16.0999984741211,28.2333335876465,24.7000007629395
"2",25.5666656494141,27.1333332061768,23.7333335876465,984,247,1,116.13289642334,673,10,573,27,12.6999998092651,74.7058792114258,141.217636108398,33,16,17,26.8999996185303,24.1000003814697
"3",26.4375,28.1166667938232,24.5,1032,269,0,114.846351623535,710,5,560,27,12.6083335876465,75.0495986938477,157.467559814453,33.4000015258789,16.6000003814697,16.8000011444092,28.0499992370605,24.5666656494141
"4",26.3708324432373,28.0166664123535,24.466667175293,1024,265,0,115.709312438965,711,6,565,28,12.9583330154419,76.2254791259766,153.851455688477,33.4000015258789,16.3999996185303,17.0000019073486,27.9166660308838,24.5666656494141
"5",26.1083335876465,28.0666656494141,23.8666667938232,1059,285,1,111.721588134766,705,7,545,36,13.1999998092651,72.9281692504883,182.231536865234,33.5,15.3999996185303,18.1000003814697,27.9833335876465,24
"6",20.0041675567627,22.4500007629395,16.7999992370605,1171,315,3,119.339157104492,810,18,781,58,16.408332824707,65.3718490600586,240.430099487305,32,6.90000009536743,25.1000003814697,22.1000003814697,18.5666675567627
"7",19.8875007629395,22.5499992370605,16.4166660308838,1183,320,3,119.628219604492,823,17,788,61,16.341667175293,64.337272644043,259.335906982422,32,6.59999990463257,25.3999996185303,22.216667175293,18.3333339691162
"8",24.0125007629395,27.25,19.8833332061768,844,213,2,115.287452697754,578,16,350,64,17.0416660308838,62.4236831665039,303.877410888672,37.2000007629395,9.89999961853027,27.3000011444092,26.1333332061768,22.7666664123535
"9",25.0750007629395,28.6666679382324,21.0166664123535,852,229,2,123.991439819336,646,7,476,61,14.1999998092651,62.5550651550293,320.216552734375,35,12.3000001907349,22.7000007629395,28.283332824707,24.3333339691162
