"","wc2.1_30s_bio_1","wc2.1_30s_bio_10","wc2.1_30s_bio_11","wc2.1_30s_bio_12","wc2.1_30s_bio_13","wc2.1_30s_bio_14","wc2.1_30s_bio_15","wc2.1_30s_bio_16","wc2.1_30s_bio_17","wc2.1_30s_bio_18","wc2.1_30s_bio_19","wc2.1_30s_bio_2","wc2.1_30s_bio_3","wc2.1_30s_bio_4","wc2.1_30s_bio_5","wc2.1_30s_bio_6","wc2.1_30s_bio_7","wc2.1_30s_bio_8","wc2.1_30s_bio_9"
"1",25.4375,26.6499996185303,24,1261,154,52,33.3943824768066,442,184,406,189,6.22499990463257,67.6630477905273,111.500617980957,29.7999992370605,20.6000003814697,9.19999885559082,26.5,24.3999996185303
"2",24.6416664123535,25.8166675567627,23.2333335876465,1451,171,66,30.0324802398682,496,221,465,244,5.70000028610229,65.5172348022461,109.021141052246,28.7000007629395,20,8.70000076293945,25.716667175293,23.6000003814697
"3",25.533332824707,26.7666664123535,24.0833339691162,1383,167,60,32.2053642272949,483,207,458,223,5.63333320617676,64.7509536743164,113.344482421875,29.6000003814697,20.8999996185303,8.70000076293945,26.6166667938232,24.466667175293
"4",25.533332824707,26.7666664123535,24.0833339691162,1383,167,60,32.2053642272949,483,207,458,223,5.63333320617676,64.7509536743164,113.344482421875,29.6000003814697,20.8999996185303,8.70000076293945,26.6166667938232,24.466667175293
"5",25.533332824707,26.7666664123535,24.0833339691162,1383,167,60,32.2053642272949,483,207,458,223,5.63333320617676,64.7509536743164,113.344482421875,29.6000003814697,20.8999996185303,8.70000076293945,26.6166667938232,24.466667175293
"6",25.533332824707,26.7666664123535,24.0833339691162,1383,167,60,32.2053642272949,483,207,458,223,5.63333320617676,64.7509536743164,113.344482421875,29.6000003814697,20.8999996185303,8.70000076293945,26.6166667938232,24.466667175293
