"","wc2.1_30s_bio_1","wc2.1_30s_bio_10","wc2.1_30s_bio_11","wc2.1_30s_bio_12","wc2.1_30s_bio_13","wc2.1_30s_bio_14","wc2.1_30s_bio_15","wc2.1_30s_bio_16","wc2.1_30s_bio_17","wc2.1_30s_bio_18","wc2.1_30s_bio_19","wc2.1_30s_bio_2","wc2.1_30s_bio_3","wc2.1_30s_bio_4","wc2.1_30s_bio_5","wc2.1_30s_bio_6","wc2.1_30s_bio_7","wc2.1_30s_bio_8","wc2.1_30s_bio_9"
"1",13.1374998092651,14.5333337783813,11.3666667938232,1548,239,33,55.1090660095215,601,127,511,127,10.2583332061768,72.2417831420898,130.403656005859,19.6000003814697,5.40000009536743,14.2000007629395,14.4333333969116,11.3666667938232
"2",17.6458339691162,18.8833332061768,16.1000003814697,1305,203,29,60.0124549865723,552,93,462,93,10.3249998092651,74.2805709838867,114.086448669434,24.1000003814697,10.1999998092651,13.9000005722046,18.8166656494141,16.1000003814697
"3",18.7291660308838,19.9500007629395,17.1666660308838,1244,189,27,59.6103935241699,526,91,442,91,10.4750003814697,74.8214263916016,113.647346496582,25.2000007629395,11.1999998092651,14.0000009536743,19.8666667938232,17.1666660308838
"4",19.2541675567627,20.5,17.6666660308838,1217,183,28,59.1106719970703,514,91,432,91,10.5250005722046,74.1197280883789,115.275520324707,25.7999992370605,11.6000003814697,14.1999988555908,20.4166660308838,17.6666660308838
"5",19.3999996185303,20.6499996185303,17.8166675567627,1203,181,26,59.7022361755371,509,87,428,87,10.5833330154419,74.530517578125,114.950584411621,26,11.8000001907349,14.1999998092651,20.5499992370605,17.8166675567627
"6",21.2333335876465,22.4833335876465,19.6666660308838,1104,164,27,58.200122833252,466,90,389,90,10.8833332061768,75.0574722290039,113.384574890137,28,13.5,14.5,22.3500003814697,19.6666660308838
"7",25.5125007629395,26.75,24.1499996185303,954,147,28,58.0477294921875,398,95,310,97,9.92499923706055,75.7633666992188,102.583122253418,31.7999992370605,18.7000007629395,13.0999984741211,26.5166664123535,24.3333320617676
"8",26.0874996185303,27.3500003814697,24.716667175293,953,149,29,57.8920669555664,394,96,301,100,9.84166717529297,75.1272125244141,103.663063049316,32.4000015258789,19.2999992370605,13.1000022888184,27.1000003814697,24.8999996185303
