"","wc2.1_30s_bio_1","wc2.1_30s_bio_10","wc2.1_30s_bio_11","wc2.1_30s_bio_12","wc2.1_30s_bio_13","wc2.1_30s_bio_14","wc2.1_30s_bio_15","wc2.1_30s_bio_16","wc2.1_30s_bio_17","wc2.1_30s_bio_18","wc2.1_30s_bio_19","wc2.1_30s_bio_2","wc2.1_30s_bio_3","wc2.1_30s_bio_4","wc2.1_30s_bio_5","wc2.1_30s_bio_6","wc2.1_30s_bio_7","wc2.1_30s_bio_8","wc2.1_30s_bio_9"
"1",20.466667175293,21.4500007629395,19.1666679382324,1509,302,8,95.6119537353516,796,32,489,32,11.7833337783813,76.5151519775391,94.0824661254883,27.6000003814697,12.1999998092651,15.4000005722046,21.1333332061768,19.1666679382324
"2",27.125,28.3833332061768,25.6833343505859,1324,310,2,111.697700500488,819,7,302,17,12.6333332061768,71.3747634887695,107.945693969727,35.4000015258789,17.7000007629395,17.7000007629395,27.5833339691162,26.8333339691162
"3",27.1083335876465,28.4333343505859,25.6833343505859,1387,327,3,110.773078918457,855,10,314,20,12.7333335876465,71.1359481811523,109.062812805176,35.5999984741211,17.7000007629395,17.8999977111816,27.5,26.8833332061768
"4",25.5,26.9833335876465,23.7999992370605,1610,396,2,111.91967010498,1007,10,391,18,12.9499998092651,70.765022277832,125.752281188965,34.2000007629395,15.8999996185303,18.3000011444092,26.0166664123535,25.283332824707
"5",26.908332824707,28.6499996185303,24.8666667938232,854,208,3,115.387832641602,542,10,231,10,10.1166667938232,64.437370300293,151.069396972656,35.0999984741211,19.3999996185303,15.6999988555908,27.6166667938232,24.8666667938232
"6",23.095832824707,24.7333335876465,20.9333343505859,1466,341,4,109.275932312012,889,16,388,16,13.8916664123535,70.5160675048828,152.903091430664,32.2000007629395,12.5,19.7000007629395,23.9166660308838,21.6333332061768
"7",19.3833332061768,20.783332824707,17.533332824707,1151,233,9,94.4541397094727,644,35,376,35,13.6666669845581,70.8117446899414,130.093200683594,28.5,9.19999980926514,19.2999992370605,20.283332824707,17.533332824707
