"","wc2.1_30s_bio_1","wc2.1_30s_bio_10","wc2.1_30s_bio_11","wc2.1_30s_bio_12","wc2.1_30s_bio_13","wc2.1_30s_bio_14","wc2.1_30s_bio_15","wc2.1_30s_bio_16","wc2.1_30s_bio_17","wc2.1_30s_bio_18","wc2.1_30s_bio_19","wc2.1_30s_bio_2","wc2.1_30s_bio_3","wc2.1_30s_bio_4","wc2.1_30s_bio_5","wc2.1_30s_bio_6","wc2.1_30s_bio_7","wc2.1_30s_bio_8","wc2.1_30s_bio_9"
"1",19.2916660308838,19.5666656494141,18.8500003814697,1142,188,39,50.18994140625,493,138,290,154,10.9499998092651,86.9047622680664,29.9114780426025,25.7999992370605,13.1999998092651,12.5999994277954,19.3999996185303,19
"2",19.6833343505859,19.966667175293,19.25,1050,160,55,36.3678436279297,403,181,202,211,10.4000005722046,85.9504089355469,29.567590713501,26.1000003814697,14,12.1000003814697,19.7999992370605,19.6000003814697
"3",17.4874992370605,17.8666667938232,16.9166660308838,802,110,46,28.8940296173096,279,148,153,191,10.0249996185303,83.5416641235352,38.6784515380859,24,12,12,17.6499996185303,17.7666664123535
"4",16.2583332061768,16.6833343505859,15.6000003814697,894,114,52,23.7908363342285,294,171,188,208,9.85000038146973,79.4354858398438,44.5091133117676,23,10.6000003814697,12.3999996185303,16.466667175293,16.1499996185303
