"","wc2.1_30s_bio_1","wc2.1_30s_bio_10","wc2.1_30s_bio_11","wc2.1_30s_bio_12","wc2.1_30s_bio_13","wc2.1_30s_bio_14","wc2.1_30s_bio_15","wc2.1_30s_bio_16","wc2.1_30s_bio_17","wc2.1_30s_bio_18","wc2.1_30s_bio_19","wc2.1_30s_bio_2","wc2.1_30s_bio_3","wc2.1_30s_bio_4","wc2.1_30s_bio_5","wc2.1_30s_bio_6","wc2.1_30s_bio_7","wc2.1_30s_bio_8","wc2.1_30s_bio_9"
"1",22.158332824707,22.8999996185303,21.2666664123535,1390,310,8,77.4568634033203,617,49,474,63,9.51666641235352,79.305549621582,67.4817657470703,27.7000007629395,15.6999998092651,12.0000009536743,22,21.5666656494141
"2",20.3166675567627,21.0833339691162,19.3666667938232,1458,303,14,73.534912109375,691,61,405,77,8.83333301544189,76.8115844726562,70.8818969726562,25.7000007629395,14.1999998092651,11.5000009536743,20.25,19.6166667938232
