"","wc2.1_30s_bio_1","wc2.1_30s_bio_10","wc2.1_30s_bio_11","wc2.1_30s_bio_12","wc2.1_30s_bio_13","wc2.1_30s_bio_14","wc2.1_30s_bio_15","wc2.1_30s_bio_16","wc2.1_30s_bio_17","wc2.1_30s_bio_18","wc2.1_30s_bio_19","wc2.1_30s_bio_2","wc2.1_30s_bio_3","wc2.1_30s_bio_4","wc2.1_30s_bio_5","wc2.1_30s_bio_6","wc2.1_30s_bio_7","wc2.1_30s_bio_8","wc2.1_30s_bio_9"
"1",24.4458332061768,26.783332824707,21.7666664123535,1387,209,30,65.0954284667969,610,100,610,100,8.42499923706055,58.9160842895508,205.232192993164,31,16.7000007629395,14.2999992370605,26.783332824707,21.7666664123535
"2",24.2916660308838,26.5499992370605,21.4833335876465,1552,229,47,56.293140411377,633,171,615,171,9.5,62.5000076293945,209.467193603516,31.3999996185303,16.2000007629395,15.1999988555908,26.4833335876465,21.4833335876465
"3",25.4458332061768,27.5499992370605,22.8666667938232,1344,208,28,60.0467109680176,545,135,530,135,8.99166679382324,62.442138671875,192.642578125,32.0999984741211,17.7000007629395,14.3999977111816,27.033332824707,22.8666667938232
