"","wc2.1_30s_bio_1","wc2.1_30s_bio_10","wc2.1_30s_bio_11","wc2.1_30s_bio_12","wc2.1_30s_bio_13","wc2.1_30s_bio_14","wc2.1_30s_bio_15","wc2.1_30s_bio_16","wc2.1_30s_bio_17","wc2.1_30s_bio_18","wc2.1_30s_bio_19","wc2.1_30s_bio_2","wc2.1_30s_bio_3","wc2.1_30s_bio_4","wc2.1_30s_bio_5","wc2.1_30s_bio_6","wc2.1_30s_bio_7","wc2.1_30s_bio_8","wc2.1_30s_bio_9"
"1",23.3875007629395,24.033332824707,22.966667175293,1135,164,10,61.7729072570801,480,38,200,87,11.2749996185303,78.8461608886719,47.2000198364258,30.5,16.2000007629395,14.2999992370605,23.0833339691162,23.283332824707
"2",19.1958332061768,19.7000007629395,18.2999992370605,894,124,13,54.725902557373,325,46,297,78,10.0250005722046,80.8467712402344,60.8447570800781,24.7000007629395,12.3000001907349,12.4000005722046,19.5666675567627,18.4166660308838
"3",20.4375,21.0833339691162,19.3999996185303,856,125,17,54.5604133605957,350,62,243,93,9.95833396911621,77.7994766235352,70.1661987304688,26.1000003814697,13.3000001907349,12.8000001907349,20.783332824707,19.5833339691162
"4",20.4375,21.0833339691162,19.3999996185303,856,125,17,54.5604133605957,350,62,243,93,9.95833396911621,77.7994766235352,70.1661987304688,26.1000003814697,13.3000001907349,12.8000001907349,20.783332824707,19.5833339691162
"5",20.4375,21.0833339691162,19.3999996185303,856,125,17,54.5604133605957,350,62,243,93,9.95833396911621,77.7994766235352,70.1661987304688,26.1000003814697,13.3000001907349,12.8000001907349,20.783332824707,19.5833339691162
"6",20.4375,21.0833339691162,19.3999996185303,856,125,17,54.5604133605957,350,62,243,93,9.95833396911621,77.7994766235352,70.1661987304688,26.1000003814697,13.3000001907349,12.8000001907349,20.783332824707,19.5833339691162
