"","wc2.1_30s_bio_1","wc2.1_30s_bio_10","wc2.1_30s_bio_11","wc2.1_30s_bio_12","wc2.1_30s_bio_13","wc2.1_30s_bio_14","wc2.1_30s_bio_15","wc2.1_30s_bio_16","wc2.1_30s_bio_17","wc2.1_30s_bio_18","wc2.1_30s_bio_19","wc2.1_30s_bio_2","wc2.1_30s_bio_3","wc2.1_30s_bio_4","wc2.1_30s_bio_5","wc2.1_30s_bio_6","wc2.1_30s_bio_7","wc2.1_30s_bio_8","wc2.1_30s_bio_9"
"1",26.404167175293,26.7666664123535,26.0499992370605,2436,316,88,41.3981590270996,904,298,497,406,9.29166603088379,82.9613189697266,29.8068313598633,32.0999984741211,20.8999996185303,11.1999988555908,26.3833332061768,26.4166660308838
"2",26.6041660308838,27.0499992370605,26.0166664123535,2591,288,119,29.9892444610596,852,390,600,490,8.27499961853027,79.5673065185547,43.6649551391602,31.6000003814697,21.2000007629395,10.3999996185303,26.6833343505859,26.0166664123535
"3",26.1916675567627,26.6000003814697,25.5833339691162,2530,287,111,29.554723739624,835,373,599,373,9.06666660308838,80.9523773193359,42.4710159301758,31.5,20.2999992370605,11.2000007629395,26.2999992370605,25.5833339691162
"4",24.9458332061768,25.5666656494141,24.0499992370605,1748,234,31,54.3571128845215,670,127,590,127,10.8083333969116,78.892951965332,62.865592956543,31.2999992370605,17.6000003814697,13.6999988555908,25.466667175293,24.0499992370605
"5",26.4333324432373,27.0833320617676,25.6499996185303,1684,289,16,63.4898071289062,734,83,400,140,10.9499998092651,74.9999847412109,57.7743797302246,33.4000015258789,18.7999992370605,14.6000022888184,26.5166664123535,25.716667175293
"6",24.029167175293,24.9166679382324,22.466667175293,1935,331,9,74.3558197021484,921,56,431,98,13.2083330154419,69.8853607177734,103.757987976074,32.2000007629395,13.3000001907349,18.9000015258789,24.533332824707,22.6499996185303
"7",25.9833335876465,26.75,25.3500003814697,1943,349,36,69.3995971679688,931,126,143,865,9.63333320617676,81.6384201049805,56.3000373840332,32.2999992370605,20.5,11.7999992370605,25.3999996185303,26.6999988555908
