"","wc2.1_30s_bio_1","wc2.1_30s_bio_10","wc2.1_30s_bio_11","wc2.1_30s_bio_12","wc2.1_30s_bio_13","wc2.1_30s_bio_14","wc2.1_30s_bio_15","wc2.1_30s_bio_16","wc2.1_30s_bio_17","wc2.1_30s_bio_18","wc2.1_30s_bio_19","wc2.1_30s_bio_2","wc2.1_30s_bio_3","wc2.1_30s_bio_4","wc2.1_30s_bio_5","wc2.1_30s_bio_6","wc2.1_30s_bio_7","wc2.1_30s_bio_8","wc2.1_30s_bio_9"
"1",19.0833339691162,19.783332824707,17.8833332061768,1054,152,15,55.1539039611816,429,71,363,148,9.73333358764648,77.2486724853516,83.620719909668,24.6000003814697,12,12.6000003814697,19.5666656494141,17.9500007629395
"2",19.0833339691162,19.783332824707,17.8833332061768,1054,152,15,55.1539039611816,429,71,363,148,9.73333358764648,77.2486724853516,83.620719909668,24.6000003814697,12,12.6000003814697,19.5666656494141,17.9500007629395
"3",14.6666669845581,15.2833337783813,13.5500001907349,854,111,20,45.2876510620117,318,91,245,106,9.69999980926514,78.2257995605469,77.5281066894531,20.1000003814697,7.69999980926514,12.4000005722046,15.0833330154419,13.6333332061768
"4",18.9458332061768,19.8666667938232,17.716667175293,803,135,25,46.9886360168457,315,79,291,118,8.14166641235352,73.3483505249023,91.1407012939453,24.2999992370605,13.1999998092651,11.0999994277954,19.5,17.783332824707
"5",18.1083335876465,18.75,17.1166667938232,918,112,25,44.7640686035156,327,78,309,100,9.03333377838135,78.5507278442383,69.5385055541992,23.2999992370605,11.8000001907349,11.4999990463257,18.5166664123535,17.1833343505859
"6",16.3374996185303,16.8999996185303,15.4666662216187,1340,202,12,70.9769973754883,585,53,342,53,11.4916667938232,83.8807754516602,62.1261596679688,22.8999996185303,9.19999980926514,13.6999998092651,16.466667175293,15.4666662216187
"7",23.2416667938232,23.7999992370605,22.4833335876465,1123,176,13,58.407772064209,485,70,308,105,9.68333339691162,82.7635269165039,55.9558792114258,29.1000003814697,17.3999996185303,11.7000007629395,23.2999992370605,22.6000003814697
"8",22.0708332061768,22.6499996185303,21.1833343505859,854,117,10,50.079517364502,302,59,295,96,9.10833358764648,79.8976593017578,61.3654518127441,27.3999996185303,16,11.3999996185303,22.2666664123535,21.3333339691162
