"","wc2.1_30s_bio_1","wc2.1_30s_bio_10","wc2.1_30s_bio_11","wc2.1_30s_bio_12","wc2.1_30s_bio_13","wc2.1_30s_bio_14","wc2.1_30s_bio_15","wc2.1_30s_bio_16","wc2.1_30s_bio_17","wc2.1_30s_bio_18","wc2.1_30s_bio_19","wc2.1_30s_bio_2","wc2.1_30s_bio_3","wc2.1_30s_bio_4","wc2.1_30s_bio_5","wc2.1_30s_bio_6","wc2.1_30s_bio_7","wc2.1_30s_bio_8","wc2.1_30s_bio_9"
"1",26.9958343505859,27.783332824707,25.8333339691162,1914,274,77,41.2718353271484,719,249,560,386,5.94166707992554,71.5863571166992,86.1409378051758,31,22.7000007629395,8.29999923706055,27.4166660308838,26.9500007629395
"2",26.9916667938232,27.75,25.8999996185303,2099,283,81,39.9657516479492,764,258,691,294,5.66666698455811,70.8333358764648,79.5679473876953,30.8999996185303,22.8999996185303,8,27.5,26.283332824707
"3",27.533332824707,28.2666664123535,26.466667175293,2035,259,77,43.6587028503418,748,239,742,267,5.61666679382324,71.0970458984375,77.7914581298828,31.3999996185303,23.5,7.89999961853027,28.033332824707,26.7999992370605
