"","wc2.1_30s_bio_1","wc2.1_30s_bio_10","wc2.1_30s_bio_11","wc2.1_30s_bio_12","wc2.1_30s_bio_13","wc2.1_30s_bio_14","wc2.1_30s_bio_15","wc2.1_30s_bio_16","wc2.1_30s_bio_17","wc2.1_30s_bio_18","wc2.1_30s_bio_19","wc2.1_30s_bio_2","wc2.1_30s_bio_3","wc2.1_30s_bio_4","wc2.1_30s_bio_5","wc2.1_30s_bio_6","wc2.1_30s_bio_7","wc2.1_30s_bio_8","wc2.1_30s_bio_9"
"1",25.1000003814697,29.1666660308838,20.8833332061768,822,216,0,127.816291809082,636,3,636,32,11.0833330154419,56.5476150512695,355.540557861328,33.7000007629395,14.1000003814697,19.6000003814697,29.1666660308838,23.216667175293
"2",24.8333339691162,28.6166667938232,20.8666667938232,817,218,1,122.274116516113,614,7,443,69,13.6666669845581,62.980037689209,332.84814453125,34.0999984741211,12.3999996185303,21.6999988555908,28.4833335876465,23.4333343505859
"3",25.2250003814697,29.4166679382324,20.6499996185303,670,188,1,115.871444702148,474,8,348,48,15.1666669845581,62.672176361084,378.096313476562,35.5,11.3000001907349,24.2000007629395,29.3833332061768,23.6666660308838
