"","wc2.1_30s_bio_1","wc2.1_30s_bio_10","wc2.1_30s_bio_11","wc2.1_30s_bio_12","wc2.1_30s_bio_13","wc2.1_30s_bio_14","wc2.1_30s_bio_15","wc2.1_30s_bio_16","wc2.1_30s_bio_17","wc2.1_30s_bio_18","wc2.1_30s_bio_19","wc2.1_30s_bio_2","wc2.1_30s_bio_3","wc2.1_30s_bio_4","wc2.1_30s_bio_5","wc2.1_30s_bio_6","wc2.1_30s_bio_7","wc2.1_30s_bio_8","wc2.1_30s_bio_9"
"1",23.1958332061768,24.1666660308838,22.033332824707,1919,331,49,57.0620918273926,774,178,580,178,9.15833282470703,76.3194427490234,88.6632690429688,28.8999996185303,16.8999996185303,12,24.0666656494141,22.033332824707
"2",25.779167175293,26.9833335876465,24.3666667938232,1408,194,65,33.2828102111816,493,228,367,263,8.47500038146973,72.4358901977539,109.471000671387,31.6000003814697,19.8999996185303,11.7000007629395,26.3166656494141,24.3833332061768
"3",25.5,26.7333335876465,24.0833339691162,1306,184,61,35.1464157104492,490,233,252,258,8.14999961853027,71.4912185668945,109.378410339355,31.2000007629395,19.7999992370605,11.4000015258789,25.3666667938232,24.5166664123535
"4",26.6041660308838,27.7000007629395,25.3999996185303,1127,162,47,44.8865966796875,465,150,260,157,8.40833282470703,74.4100341796875,94.278564453125,31.8999996185303,20.6000003814697,11.2999992370605,27,25.7666664123535
