"","wc2.1_30s_bio_1","wc2.1_30s_bio_10","wc2.1_30s_bio_11","wc2.1_30s_bio_12","wc2.1_30s_bio_13","wc2.1_30s_bio_14","wc2.1_30s_bio_15","wc2.1_30s_bio_16","wc2.1_30s_bio_17","wc2.1_30s_bio_18","wc2.1_30s_bio_19","wc2.1_30s_bio_2","wc2.1_30s_bio_3","wc2.1_30s_bio_4","wc2.1_30s_bio_5","wc2.1_30s_bio_6","wc2.1_30s_bio_7","wc2.1_30s_bio_8","wc2.1_30s_bio_9"
"1",19.7708339691162,22.033332824707,17.033332824707,1595,239,18,68.1031951904297,656,84,628,84,8.69166660308838,59.9425277709961,207.193984985352,26.5,12,14.5,21.5166664123535,17.033332824707
"2",20.6916675567627,22.9166660308838,17.966667175293,1575,237,23,66.1568756103516,645,100,610,100,8.61666679382324,60.2564125061035,205.225296020508,27.3999996185303,13.1000003814697,14.2999992370605,22.4500007629395,17.966667175293
"3",23.9291667938232,25.9500007629395,21.4166660308838,1316,209,12,69.1232376098633,541,76,532,76,9.44166660308838,63.7950401306152,188.973999023438,30.7000007629395,15.8999996185303,14.8000011444092,25.5833339691162,21.4166660308838
