"","wc2.1_30s_bio_1","wc2.1_30s_bio_10","wc2.1_30s_bio_11","wc2.1_30s_bio_12","wc2.1_30s_bio_13","wc2.1_30s_bio_14","wc2.1_30s_bio_15","wc2.1_30s_bio_16","wc2.1_30s_bio_17","wc2.1_30s_bio_18","wc2.1_30s_bio_19","wc2.1_30s_bio_2","wc2.1_30s_bio_3","wc2.1_30s_bio_4","wc2.1_30s_bio_5","wc2.1_30s_bio_6","wc2.1_30s_bio_7","wc2.1_30s_bio_8","wc2.1_30s_bio_9"
"1",17.1416664123535,17.3333339691162,16.7666664123535,1656,186,80,25.0233383178711,526,269,468,506,9.23333358764648,87.1069259643555,24.1051998138428,22.2999992370605,11.6999998092651,10.5999994277954,16.9333343505859,17.1833343505859
"2",13.2333335876465,13.5833330154419,12.5,1419,180,86,23.3466358184814,457,273,304,445,9.16666698455811,85.6697845458984,48.8659210205078,18.2999992370605,7.59999990463257,10.6999988555908,12.8500003814697,13.4499998092651
"3",17.0750007629395,17.283332824707,16.7333335876465,1679,185,80,24.1570491790771,524,274,485,482,8.94999980926514,87.7450866699219,22.2077083587646,22.1000003814697,11.8999996185303,10.2000007629395,17.1000003814697,17.1166667938232
"4",12.9875001907349,13.3500003814697,12.3166666030884,1182,133,73,17.9400882720947,337,254,337,254,9.25833320617676,87.3427658081055,46.5698356628418,18.1000003814697,7.5,10.6000003814697,13.3500003814697,12.3166666030884
"5",13.6916666030884,14.0333337783813,13.0833330154419,1301,142,79,19.306921005249,387,252,356,371,8.89999961853027,87.2548980712891,41.4966278076172,18.6000003814697,8.39999961853027,10.2000007629395,13.3999996185303,13.8499994277954
"6",13.4624996185303,13.8000001907349,12.8333330154419,1333,149,84,19.6483669281006,402,259,364,391,8.79166698455811,87.0462112426758,42.7000732421875,18.2999992370605,8.19999980926514,10.0999994277954,13.1666669845581,13.6499996185303
"7",15.6708335876465,15.9333333969116,15.25,1468,162,75,22.9236354827881,459,252,410,437,8.89166641235352,88.0363006591797,28.4811344146729,20.5,10.3999996185303,10.1000003814697,15.4833335876465,15.75
