"","wc2.1_30s_bio_1","wc2.1_30s_bio_10","wc2.1_30s_bio_11","wc2.1_30s_bio_12","wc2.1_30s_bio_13","wc2.1_30s_bio_14","wc2.1_30s_bio_15","wc2.1_30s_bio_16","wc2.1_30s_bio_17","wc2.1_30s_bio_18","wc2.1_30s_bio_19","wc2.1_30s_bio_2","wc2.1_30s_bio_3","wc2.1_30s_bio_4","wc2.1_30s_bio_5","wc2.1_30s_bio_6","wc2.1_30s_bio_7","wc2.1_30s_bio_8","wc2.1_30s_bio_9"
"1",26.1083335876465,26.466667175293,25.4333343505859,3068,331,186,17.7738857269287,943,613,721,613,8.55000019073486,84.6534576416016,45.7181777954102,31.1000003814697,21,10.1000003814697,26.1666660308838,25.4333343505859
"2",25.9541664123535,26.3666667938232,25.216667175293,3026,326,209,14.9320278167725,931,660,788,697,8.72500038146973,87.25,49.3345832824707,30.8999996185303,20.8999996185303,10,26.0666656494141,25.8833332061768
"3",25.8291664123535,26.4833335876465,24.966667175293,3023,359,136,28.1099052429199,991,491,512,953,8.92500019073486,82.6388931274414,59.9794616699219,31.2999992370605,20.5,10.7999992370605,25.2333335876465,26.283332824707
"4",25.5166664123535,26.0666656494141,24.7000007629395,3361,392,153,27.9301662445068,1120,571,571,1029,9.10000038146973,85.0467224121094,55.1993713378906,31,20.2999992370605,10.7000007629395,24.8666667938232,26.0666656494141
