"","wc2.1_30s_bio_1","wc2.1_30s_bio_10","wc2.1_30s_bio_11","wc2.1_30s_bio_12","wc2.1_30s_bio_13","wc2.1_30s_bio_14","wc2.1_30s_bio_15","wc2.1_30s_bio_16","wc2.1_30s_bio_17","wc2.1_30s_bio_18","wc2.1_30s_bio_19","wc2.1_30s_bio_2","wc2.1_30s_bio_3","wc2.1_30s_bio_4","wc2.1_30s_bio_5","wc2.1_30s_bio_6","wc2.1_30s_bio_7","wc2.1_30s_bio_8","wc2.1_30s_bio_9"
"1",23.3708324432373,25.8333320617676,20.466667175293,1596,218,70,43.9740447998047,593,221,574,223,8.54166698455811,58.504566192627,222.97021484375,30.5,15.8999996185303,14.6000003814697,25.7999992370605,20.6833343505859
"2",23.470832824707,25.9166660308838,20.5833339691162,1595,218,69,44.2454948425293,594,220,576,223,8.50833320617676,59.0856513977051,221.651412963867,30.5,16.1000003814697,14.3999996185303,25.8833332061768,20.8166675567627
"3",23.845832824707,26.1833343505859,21,1546,210,56,50.8023872375488,596,185,595,185,9.39166641235352,62.1964683532715,214.925537109375,30.8999996185303,15.8000001907349,15.0999994277954,26.1333332061768,21
"4",24.0708332061768,26.3333339691162,21.25,1543,219,52,53.8460922241211,602,178,599,178,9.49166679382324,62.4451713562012,210.588562011719,31.1000003814697,15.8999996185303,15.2000007629395,26.2999992370605,21.25
"5",24.4874992370605,26.8500003814697,21.6333332061768,1423,207,49,49.1403884887695,527,170,517,170,9.50833320617676,61.7424201965332,217.49739074707,31.7000007629395,16.2999992370605,15.4000015258789,26.4333343505859,21.6333332061768
"6",24.2708339691162,26.5166664123535,21.4500007629395,1531,231,45,57.6451721191406,628,159,606,159,9.45833301544189,62.6379737854004,209.354583740234,31.2999992370605,16.2000007629395,15.0999984741211,26.4333324432373,21.4500007629395
"7",24.7625007629395,27.0166664123535,21.9333343505859,1466,219,40,55.3548202514648,566,158,564,158,10.158332824707,63.8888893127441,210.022994995117,32,16.1000003814697,15.8999996185303,26.6833343505859,21.9333343505859
"8",25.1749992370605,27.3833332061768,22.3833332061768,1373,221,33,59.7685050964355,560,126,500,126,10.3000001907349,64.375,205.664123535156,32.5,16.5,16,26.7666664123535,22.3833332061768
"9",25.0499992370605,27.3500003814697,22.216667175293,1369,209,30,57.895866394043,524,129,520,129,10.3166666030884,63.6831321716309,211.283935546875,32.2999992370605,16.1000003814697,16.1999988555908,26.966667175293,22.216667175293
