"","wc2.1_30s_bio_1","wc2.1_30s_bio_10","wc2.1_30s_bio_11","wc2.1_30s_bio_12","wc2.1_30s_bio_13","wc2.1_30s_bio_14","wc2.1_30s_bio_15","wc2.1_30s_bio_16","wc2.1_30s_bio_17","wc2.1_30s_bio_18","wc2.1_30s_bio_19","wc2.1_30s_bio_2","wc2.1_30s_bio_3","wc2.1_30s_bio_4","wc2.1_30s_bio_5","wc2.1_30s_bio_6","wc2.1_30s_bio_7","wc2.1_30s_bio_8","wc2.1_30s_bio_9"
"1",25.466667175293,26.7666664123535,23.716667175293,2279,336,69,45.434757232666,894,239,491,433,9.16666698455811,69.9745559692383,123.220680236816,32,18.8999996185303,13.1000003814697,26.2333335876465,25.3333339691162
"2",25.466667175293,26.7666664123535,23.716667175293,2279,336,69,45.434757232666,894,239,491,433,9.16666698455811,69.9745559692383,123.220680236816,32,18.8999996185303,13.1000003814697,26.2333335876465,25.3333339691162
"3",25.1499996185303,26.4166660308838,23.4166660308838,2390,355,69,45.3783569335938,932,245,510,464,8.86666679382324,69.8162689208984,121.74861907959,31.5,18.7999992370605,12.7000007629395,25.9333343505859,25
"4",25.8500003814697,27.1666679382324,24.0666656494141,2337,345,69,45.2368278503418,909,245,491,454,9.08333396911621,69.3384094238281,125.589530944824,32.4000015258789,19.2999992370605,13.1000022888184,26.6499996185303,25.716667175293
"5",25.8500003814697,27.1666679382324,24.0666656494141,2337,345,69,45.2368278503418,909,245,491,454,9.08333396911621,69.3384094238281,125.589530944824,32.4000015258789,19.2999992370605,13.1000022888184,26.6499996185303,25.716667175293
"6",25.9583339691162,27.2333335876465,24.2000007629395,2432,361,71,44.8442993164062,938,257,502,490,8.96666622161865,69.509033203125,123.598220825195,32.4000015258789,19.5,12.9000015258789,26.7666664123535,25.7999992370605
